  [1m[35m (115.7ms)[0m  [1m[35mCREATE DATABASE "rails_guide_development" ENCODING = 'unicode' /*application='RailsGuide'*/[0m
  [1m[35mSQL (0.3ms)[0m  [1m[35mSET search_path TO public /*application='RailsGuide'*/[0m
  [1m[35m (177.6ms)[0m  [1m[35mCREATE DATABASE "rails_guide_development" ENCODING = 'unicode' /*application='RailsGuide'*/[0m
  [1m[35m (109.8ms)[0m  [1m[35mCREATE DATABASE "rails_guide_test" ENCODING = 'unicode' /*application='RailsGuide'*/[0m
  [1m[35mSQL (0.0ms)[0m  [1m[35mSET search_path TO public /*application='RailsGuide'*/[0m
  [1m[35m (28.4ms)[0m  [1m[35mCREATE DATABASE "rails_guide_development" ENCODING = 'unicode' /*application='RailsGuide'*/[0m
  [1m[35mSQL (0.0ms)[0m  [1m[35mSET search_path TO public /*application='RailsGuide'*/[0m
  [1m[35m (50.8ms)[0m  [1m[35mCREATE DATABASE "rails_guide_test" ENCODING = 'unicode' /*application='RailsGuide'*/[0m
Started GET "/" for 127.0.0.1 at 2026-02-02 17:36:43 -0300
  [1m[35m (3.7ms)[0m  [1m[35mCREATE TABLE "schema_migrations" ("version" character varying NOT NULL PRIMARY KEY) /*application='RailsGuide'*/[0m
  [1m[35m (1.2ms)[0m  [1m[35mCREATE TABLE "ar_internal_metadata" ("key" character varying NOT NULL PRIMARY KEY, "value" character varying, "created_at" timestamp(6) NOT NULL, "updated_at" timestamp(6) NOT NULL) /*application='RailsGuide'*/[0m
  [1m[36mActiveRecord::SchemaMigration Load (0.6ms)[0m  [1m[34mSELECT "schema_migrations"."version" FROM "schema_migrations" ORDER BY "schema_migrations"."version" ASC /*application='RailsGuide'*/[0m
Processing by Rails::WelcomeController#index as HTML
  Rendering /home/luan-alves/.rvm/gems/ruby-3.2.9/gems/railties-8.1.2/lib/rails/templates/rails/welcome/index.html.erb
  Rendered /home/luan-alves/.rvm/gems/ruby-3.2.9/gems/railties-8.1.2/lib/rails/templates/rails/welcome/index.html.erb (Duration: 0.4ms | GC: 0.0ms)
Completed 200 OK in 11ms (Views: 3.3ms | ActiveRecord: 0.0ms (0 queries, 0 cached) | GC: 0.6ms)


  [1m[36mActiveRecord::SchemaMigration Load (0.6ms)[0m  [1m[34mSELECT "schema_migrations"."version" FROM "schema_migrations" ORDER BY "schema_migrations"."version" ASC /*application='RailsGuide'*/[0m
Started GET "/" for 127.0.0.1 at 2026-02-02 18:03:55 -0300
  [1m[36mActiveRecord::SchemaMigration Load (0.6ms)[0m  [1m[34mSELECT "schema_migrations"."version" FROM "schema_migrations" ORDER BY "schema_migrations"."version" ASC /*application='RailsGuide'*/[0m
Processing by Rails::WelcomeController#index as HTML
  Rendering /home/luan-alves/.rvm/gems/ruby-3.2.9/gems/railties-8.1.2/lib/rails/templates/rails/welcome/index.html.erb
  Rendered /home/luan-alves/.rvm/gems/ruby-3.2.9/gems/railties-8.1.2/lib/rails/templates/rails/welcome/index.html.erb (Duration: 0.6ms | GC: 0.0ms)
Completed 200 OK in 9ms (Views: 3.1ms | ActiveRecord: 0.0ms (0 queries, 0 cached) | GC: 0.0ms)


Started GET "/application" for 127.0.0.1 at 2026-02-02 18:04:02 -0300
  
ActionController::RoutingError (No route matches [GET] "/application"):
  
Started GET "/favicon.ico" for 127.0.0.1 at 2026-02-02 18:04:02 -0300
  
ActionController::RoutingError (No route matches [GET] "/favicon.ico"):
  
Started GET "/home" for 127.0.0.1 at 2026-02-02 18:04:17 -0300
Processing by PagesController#home as HTML
Completed 406 Not Acceptable in 17ms (ActiveRecord: 0.0ms (0 queries, 0 cached) | GC: 0.2ms)


  
ActionController::MissingExactTemplate (PagesController#home is missing a template for request formats: text/html):
  
actionpack (8.1.2) lib/action_controller/metal/implicit_render.rb:49:in `default_render'
actionpack (8.1.2) lib/action_controller/metal/basic_implicit_render.rb:9:in `send_action'
actionpack (8.1.2) lib/abstract_controller/base.rb:221:in `process_action'
actionpack (8.1.2) lib/action_controller/metal/rendering.rb:199:in `process_action'
actionpack (8.1.2) lib/abstract_controller/callbacks.rb:267:in `block in process_action'
activesupport (8.1.2) lib/active_support/callbacks.rb:121:in `block in run_callbacks'
turbo-rails (2.0.23) lib/turbo-rails.rb:24:in `with_request_id'
turbo-rails (2.0.23) app/controllers/concerns/turbo/request_id_tracking.rb:10:in `turbo_tracking_request_id'
activesupport (8.1.2) lib/active_support/callbacks.rb:130:in `block in run_callbacks'
actiontext (8.1.2) lib/action_text/rendering.rb:24:in `with_renderer'
actiontext (8.1.2) lib/action_text/engine.rb:72:in `block (4 levels) in <class:Engine>'
activesupport (8.1.2) lib/active_support/callbacks.rb:130:in `instance_exec'
activesupport (8.1.2) lib/active_support/callbacks.rb:130:in `block in run_callbacks'
activesupport (8.1.2) lib/active_support/callbacks.rb:141:in `run_callbacks'
actionpack (8.1.2) lib/abstract_controller/callbacks.rb:266:in `process_action'
actionpack (8.1.2) lib/action_controller/metal/rescue.rb:36:in `process_action'
actionpack (8.1.2) lib/action_controller/metal/instrumentation.rb:76:in `block in process_action'
activesupport (8.1.2) lib/active_support/notifications.rb:210:in `block in instrument'
activesupport (8.1.2) lib/active_support/notifications/instrumenter.rb:58:in `instrument'
activesupport (8.1.2) lib/active_support/notifications.rb:210:in `instrument'
actionpack (8.1.2) lib/action_controller/metal/instrumentation.rb:75:in `process_action'
actionpack (8.1.2) lib/action_controller/metal/params_wrapper.rb:259:in `process_action'
activerecord (8.1.2) lib/active_record/railties/controller_runtime.rb:39:in `process_action'
actionpack (8.1.2) lib/abstract_controller/base.rb:154:in `process'
actionview (8.1.2) lib/action_view/rendering.rb:40:in `process'
actionpack (8.1.2) lib/action_controller/metal.rb:252:in `dispatch'
actionpack (8.1.2) lib/action_controller/metal.rb:335:in `dispatch'
actionpack (8.1.2) lib/action_dispatch/routing/route_set.rb:65:in `dispatch'
actionpack (8.1.2) lib/action_dispatch/routing/route_set.rb:50:in `serve'
actionpack (8.1.2) lib/action_dispatch/journey/router.rb:35:in `block in serve'
actionpack (8.1.2) lib/action_dispatch/journey/router.rb:86:in `block in recognize'
actionpack (8.1.2) lib/action_dispatch/journey/router.rb:66:in `each'
actionpack (8.1.2) lib/action_dispatch/journey/router.rb:66:in `recognize'
actionpack (8.1.2) lib/action_dispatch/journey/router.rb:31:in `serve'
actionpack (8.1.2) lib/action_dispatch/routing/route_set.rb:906:in `call'
railties (8.1.2) lib/rails/engine/lazy_route_set.rb:60:in `call'
rack (3.2.4) lib/rack/tempfile_reaper.rb:20:in `call'
rack (3.2.4) lib/rack/etag.rb:29:in `call'
rack (3.2.4) lib/rack/conditional_get.rb:31:in `call'
rack (3.2.4) lib/rack/head.rb:15:in `call'
actionpack (8.1.2) lib/action_dispatch/http/content_security_policy.rb:38:in `call'
rack-session (2.1.1) lib/rack/session/abstract/id.rb:274:in `context'
rack-session (2.1.1) lib/rack/session/abstract/id.rb:268:in `call'
actionpack (8.1.2) lib/action_dispatch/middleware/cookies.rb:708:in `call'
activerecord (8.1.2) lib/active_record/migration.rb:671:in `call'
actionpack (8.1.2) lib/action_dispatch/middleware/callbacks.rb:31:in `block in call'
activesupport (8.1.2) lib/active_support/callbacks.rb:101:in `run_callbacks'
actionpack (8.1.2) lib/action_dispatch/middleware/callbacks.rb:30:in `call'
actionpack (8.1.2) lib/action_dispatch/middleware/executor.rb:20:in `call'
actionpack (8.1.2) lib/action_dispatch/middleware/actionable_exceptions.rb:18:in `call'
actionpack (8.1.2) lib/action_dispatch/middleware/debug_exceptions.rb:31:in `call'
web-console (4.2.1) lib/web_console/middleware.rb:132:in `call_app'
web-console (4.2.1) lib/web_console/middleware.rb:28:in `block in call'
web-console (4.2.1) lib/web_console/middleware.rb:17:in `catch'
web-console (4.2.1) lib/web_console/middleware.rb:17:in `call'
actionpack (8.1.2) lib/action_dispatch/middleware/show_exceptions.rb:32:in `call'
railties (8.1.2) lib/rails/rack/logger.rb:41:in `call_app'
railties (8.1.2) lib/rails/rack/logger.rb:29:in `call'
propshaft (1.3.1) lib/propshaft/quiet_assets.rb:11:in `call'
actionpack (8.1.2) lib/action_dispatch/middleware/remote_ip.rb:98:in `call'
actionpack (8.1.2) lib/action_dispatch/middleware/request_id.rb:34:in `call'
rack (3.2.4) lib/rack/method_override.rb:28:in `call'
rack (3.2.4) lib/rack/runtime.rb:24:in `call'
activesupport (8.1.2) lib/active_support/cache/strategy/local_cache_middleware.rb:30:in `call'
actionpack (8.1.2) lib/action_dispatch/middleware/server_timing.rb:61:in `block in call'
actionpack (8.1.2) lib/action_dispatch/middleware/server_timing.rb:26:in `collect_events'
actionpack (8.1.2) lib/action_dispatch/middleware/server_timing.rb:60:in `call'
actionpack (8.1.2) lib/action_dispatch/middleware/executor.rb:20:in `call'
propshaft (1.3.1) lib/propshaft/server.rb:37:in `call'
actionpack (8.1.2) lib/action_dispatch/middleware/static.rb:27:in `call'
rack (3.2.4) lib/rack/sendfile.rb:131:in `call'
actionpack (8.1.2) lib/action_dispatch/middleware/host_authorization.rb:143:in `call'
railties (8.1.2) lib/rails/engine.rb:534:in `call'
puma (7.2.0) lib/puma/configuration.rb:296:in `call'
puma (7.2.0) lib/puma/request.rb:103:in `block in handle_request'
puma (7.2.0) lib/puma/thread_pool.rb:355:in `with_force_shutdown'
puma (7.2.0) lib/puma/request.rb:102:in `handle_request'
puma (7.2.0) lib/puma/server.rb:503:in `process_client'
puma (7.2.0) lib/puma/server.rb:262:in `block in run'
puma (7.2.0) lib/puma/thread_pool.rb:182:in `block in spawn_thread'
Started GET "/favicon.ico" for 127.0.0.1 at 2026-02-02 18:04:17 -0300
  
ActionController::RoutingError (No route matches [GET] "/favicon.ico"):
  
Started GET "/home" for 127.0.0.1 at 2026-02-02 18:12:48 -0300
Processing by PagesController#home as HTML
  Rendering layout layouts/application.html.erb
  Rendering pages/home.html.erb within layouts/application
  Rendered pages/home.html.erb within layouts/application (Duration: 0.2ms | GC: 0.0ms)
  Rendered layout layouts/application.html.erb (Duration: 16.7ms | GC: 0.3ms)
Completed 200 OK in 19ms (Views: 18.1ms | ActiveRecord: 0.0ms (0 queries, 0 cached) | GC: 0.3ms)


Started GET "/home" for 127.0.0.1 at 2026-02-02 18:14:25 -0300
Processing by PagesController#home as HTML
  Rendering layout layouts/application.html.erb
  Rendering pages/home.html.erb within layouts/application
  Rendered pages/home.html.erb within layouts/application (Duration: 0.2ms | GC: 0.0ms)
  Rendered layout layouts/application.html.erb (Duration: 7.1ms | GC: 0.0ms)
Completed 200 OK in 9ms (Views: 8.0ms | ActiveRecord: 0.0ms (0 queries, 0 cached) | GC: 0.0ms)


Started GET "/" for 127.0.0.1 at 2026-02-02 18:14:29 -0300
Processing by PagesController#home as HTML
  Rendering layout layouts/application.html.erb
  Rendering pages/home.html.erb within layouts/application
  Rendered pages/home.html.erb within layouts/application (Duration: 0.0ms | GC: 0.0ms)
  Rendered layout layouts/application.html.erb (Duration: 0.7ms | GC: 0.0ms)
Completed 200 OK in 1ms (Views: 0.9ms | ActiveRecord: 0.0ms (0 queries, 0 cached) | GC: 0.0ms)


Started GET "/" for 127.0.0.1 at 2026-02-02 18:14:31 -0300
Processing by PagesController#home as HTML
  Rendering layout layouts/application.html.erb
  Rendering pages/home.html.erb within layouts/application
  Rendered pages/home.html.erb within layouts/application (Duration: 0.0ms | GC: 0.0ms)
  Rendered layout layouts/application.html.erb (Duration: 1.0ms | GC: 0.0ms)
Completed 200 OK in 2ms (Views: 1.4ms | ActiveRecord: 0.0ms (0 queries, 0 cached) | GC: 0.0ms)


Started GET "/" for 127.0.0.1 at 2026-02-02 18:22:41 -0300
Processing by PagesController#home as HTML
  Rendering layout layouts/application.html.erb
  Rendering pages/home.html.erb within layouts/application
  Rendered pages/home.html.erb within layouts/application (Duration: 0.2ms | GC: 0.0ms)
  Rendered layout layouts/application.html.erb (Duration: 1.6ms | GC: 0.2ms)
Completed 200 OK in 4ms (Views: 2.9ms | ActiveRecord: 0.0ms (0 queries, 0 cached) | GC: 0.2ms)


Started GET "/about" for 127.0.0.1 at 2026-02-02 18:22:45 -0300
Processing by PagesController#about as HTML
  Rendering layout layouts/application.html.erb
  Rendering pages/about.html.erb within layouts/application
  Rendered pages/about.html.erb within layouts/application (Duration: 0.5ms | GC: 0.3ms)
  Rendered layout layouts/application.html.erb (Duration: 1.6ms | GC: 0.3ms)
Completed 200 OK in 3ms (Views: 2.1ms | ActiveRecord: 0.0ms (0 queries, 0 cached) | GC: 0.3ms)


Started GET "/about" for 127.0.0.1 at 2026-02-02 21:38:51 -0300
Processing by PagesController#about as HTML
  Rendering layout layouts/application.html.erb
  Rendering pages/about.html.erb within layouts/application
  Rendered pages/about.html.erb within layouts/application (Duration: 0.9ms | GC: 0.0ms)
  Rendered layout layouts/application.html.erb (Duration: 35.2ms | GC: 8.3ms)
Completed 200 OK in 76ms (Views: 62.8ms | ActiveRecord: 0.0ms (0 queries, 0 cached) | GC: 17.1ms)


Started GET "/" for 127.0.0.1 at 2026-02-03 08:22:22 -0300
  [1m[36mActiveRecord::SchemaMigration Load (2.1ms)[0m  [1m[34mSELECT "schema_migrations"."version" FROM "schema_migrations" ORDER BY "schema_migrations"."version" ASC /*application='RailsGuide'*/[0m
Processing by PagesController#home as HTML
  Rendering layout layouts/application.html.erb
  Rendering pages/home.html.erb within layouts/application
  Rendered pages/home.html.erb within layouts/application (Duration: 0.2ms | GC: 0.0ms)
  Rendered layout layouts/application.html.erb (Duration: 19.3ms | GC: 7.5ms)
Completed 200 OK in 30ms (Views: 21.5ms | ActiveRecord: 0.0ms (0 queries, 0 cached) | GC: 7.5ms)


Started GET "/" for 127.0.0.1 at 2026-02-03 08:30:02 -0300
  [1m[36mActiveRecord::SchemaMigration Load (0.3ms)[0m  [1m[34mSELECT "schema_migrations"."version" FROM "schema_migrations" ORDER BY "schema_migrations"."version" ASC /*application='RailsGuide'*/[0m
Processing by PagesController#home as HTML
  Rendering layout layouts/application.html.erb
  Rendering pages/home.html.erb within layouts/application
  Rendered pages/home.html.erb within layouts/application (Duration: 0.2ms | GC: 0.0ms)
  Rendered shared/_navbar.html.erb (Duration: 0.2ms | GC: 0.0ms)
  Rendered layout layouts/application.html.erb (Duration: 22.4ms | GC: 6.3ms)
Completed 200 OK in 27ms (Views: 23.6ms | ActiveRecord: 0.0ms (0 queries, 0 cached) | GC: 6.3ms)


Started GET "/" for 127.0.0.1 at 2026-02-03 08:39:00 -0300
Processing by PagesController#home as HTML
  Rendering layout layouts/application.html.erb
  Rendering pages/home.html.erb within layouts/application
  Rendered pages/home.html.erb within layouts/application (Duration: 0.1ms | GC: 0.0ms)
  Rendered shared/_navbar.html.erb (Duration: 0.4ms | GC: 0.2ms)
  Rendered layout layouts/application.html.erb (Duration: 1.5ms | GC: 0.2ms)
Completed 200 OK in 3ms (Views: 2.0ms | ActiveRecord: 0.0ms (0 queries, 0 cached) | GC: 0.2ms)


Started GET "/" for 127.0.0.1 at 2026-02-03 08:39:01 -0300
Processing by PagesController#home as HTML
  Rendering layout layouts/application.html.erb
  Rendering pages/home.html.erb within layouts/application
  Rendered pages/home.html.erb within layouts/application (Duration: 0.0ms | GC: 0.0ms)
  Rendered shared/_navbar.html.erb (Duration: 0.1ms | GC: 0.0ms)
  Rendered layout layouts/application.html.erb (Duration: 1.7ms | GC: 0.3ms)
Completed 200 OK in 3ms (Views: 2.2ms | ActiveRecord: 0.0ms (0 queries, 0 cached) | GC: 0.3ms)


Started GET "/" for 127.0.0.1 at 2026-02-03 08:39:02 -0300
Processing by PagesController#home as HTML
  Rendering layout layouts/application.html.erb
  Rendering pages/home.html.erb within layouts/application
  Rendered pages/home.html.erb within layouts/application (Duration: 0.0ms | GC: 0.0ms)
  Rendered shared/_navbar.html.erb (Duration: 0.2ms | GC: 0.0ms)
  Rendered layout layouts/application.html.erb (Duration: 1.8ms | GC: 0.0ms)
Completed 200 OK in 3ms (Views: 2.4ms | ActiveRecord: 0.0ms (0 queries, 0 cached) | GC: 0.0ms)


Started GET "/about" for 127.0.0.1 at 2026-02-03 08:39:06 -0300
Processing by PagesController#about as HTML
  Rendering layout layouts/application.html.erb
  Rendering pages/about.html.erb within layouts/application
  Rendered pages/about.html.erb within layouts/application (Duration: 0.3ms | GC: 0.0ms)
  Rendered shared/_navbar.html.erb (Duration: 0.2ms | GC: 0.0ms)
  Rendered layout layouts/application.html.erb (Duration: 1.7ms | GC: 0.0ms)
Completed 200 OK in 5ms (Views: 2.3ms | ActiveRecord: 0.0ms (0 queries, 0 cached) | GC: 0.0ms)


Started GET "/" for 127.0.0.1 at 2026-02-03 08:39:09 -0300
Processing by PagesController#home as HTML
  Rendering layout layouts/application.html.erb
  Rendering pages/home.html.erb within layouts/application
  Rendered pages/home.html.erb within layouts/application (Duration: 0.0ms | GC: 0.0ms)
  Rendered shared/_navbar.html.erb (Duration: 0.1ms | GC: 0.0ms)
  Rendered layout layouts/application.html.erb (Duration: 2.0ms | GC: 0.5ms)
Completed 200 OK in 3ms (Views: 2.5ms | ActiveRecord: 0.0ms (0 queries, 0 cached) | GC: 0.5ms)


Started GET "/" for 127.0.0.1 at 2026-02-03 08:41:48 -0300
Processing by PagesController#home as HTML
  Rendering layout layouts/application.html.erb
  Rendering pages/home.html.erb within layouts/application
  Rendered pages/home.html.erb within layouts/application (Duration: 0.0ms | GC: 0.0ms)
  Rendered shared/_navbar.html.erb (Duration: 0.1ms | GC: 0.0ms)
  Rendered layout layouts/application.html.erb (Duration: 1.0ms | GC: 0.0ms)
Completed 200 OK in 2ms (Views: 1.4ms | ActiveRecord: 0.0ms (0 queries, 0 cached) | GC: 0.0ms)


Started GET "/" for 127.0.0.1 at 2026-02-03 08:41:51 -0300
Processing by PagesController#home as HTML
  Rendering layout layouts/application.html.erb
  Rendering pages/home.html.erb within layouts/application
  Rendered pages/home.html.erb within layouts/application (Duration: 0.1ms | GC: 0.0ms)
  Rendered shared/_navbar.html.erb (Duration: 0.2ms | GC: 0.0ms)
  Rendered layout layouts/application.html.erb (Duration: 1.3ms | GC: 0.0ms)
Completed 200 OK in 3ms (Views: 1.9ms | ActiveRecord: 0.0ms (0 queries, 0 cached) | GC: 0.0ms)


Started GET "/" for 127.0.0.1 at 2026-02-03 08:50:36 -0300
  [1m[36mActiveRecord::SchemaMigration Load (0.5ms)[0m  [1m[34mSELECT "schema_migrations"."version" FROM "schema_migrations" ORDER BY "schema_migrations"."version" ASC /*application='RailsGuide'*/[0m
Processing by PagesController#home as HTML
  Rendering layout layouts/application.html.erb
  Rendering pages/home.html.erb within layouts/application
  Rendered pages/home.html.erb within layouts/application (Duration: 0.3ms | GC: 0.0ms)
  Rendered shared/_navbar.html.erb (Duration: 0.3ms | GC: 0.0ms)
  Rendered layout layouts/application.html.erb (Duration: 19.1ms | GC: 1.6ms)
Completed 200 OK in 52ms (Views: 24.5ms | ActiveRecord: 0.0ms (0 queries, 0 cached) | GC: 4.6ms)


Started GET "/" for 127.0.0.1 at 2026-02-03 08:52:47 -0300
Processing by PagesController#home as HTML
  Rendering layout layouts/application.html.erb
  Rendering pages/home.html.erb within layouts/application
  Rendered pages/home.html.erb within layouts/application (Duration: 0.1ms | GC: 0.0ms)
  Rendered shared/_navbar.html.erb (Duration: 0.2ms | GC: 0.0ms)
  Rendered layout layouts/application.html.erb (Duration: 1.2ms | GC: 0.0ms)
Completed 200 OK in 3ms (Views: 1.8ms | ActiveRecord: 0.0ms (0 queries, 0 cached) | GC: 0.0ms)


Started GET "/about" for 127.0.0.1 at 2026-02-03 08:52:47 -0300
Processing by PagesController#about as HTML
  Rendering layout layouts/application.html.erb
  Rendering pages/about.html.erb within layouts/application
  Rendered pages/about.html.erb within layouts/application (Duration: 0.3ms | GC: 0.0ms)
  Rendered shared/_navbar.html.erb (Duration: 0.2ms | GC: 0.0ms)
  Rendered layout layouts/application.html.erb (Duration: 1.7ms | GC: 0.0ms)
Completed 200 OK in 5ms (Views: 2.2ms | ActiveRecord: 0.0ms (0 queries, 0 cached) | GC: 0.0ms)


Started GET "/" for 127.0.0.1 at 2026-02-03 08:52:48 -0300
Processing by PagesController#home as HTML
  Rendering layout layouts/application.html.erb
  Rendering pages/home.html.erb within layouts/application
  Rendered pages/home.html.erb within layouts/application (Duration: 0.0ms | GC: 0.0ms)
  Rendered shared/_navbar.html.erb (Duration: 0.2ms | GC: 0.0ms)
  Rendered layout layouts/application.html.erb (Duration: 1.4ms | GC: 0.0ms)
Completed 200 OK in 3ms (Views: 1.9ms | ActiveRecord: 0.0ms (0 queries, 0 cached) | GC: 0.0ms)


Started GET "/about" for 127.0.0.1 at 2026-02-03 08:52:49 -0300
Processing by PagesController#about as HTML
  Rendering layout layouts/application.html.erb
  Rendering pages/about.html.erb within layouts/application
  Rendered pages/about.html.erb within layouts/application (Duration: 0.0ms | GC: 0.0ms)
  Rendered shared/_navbar.html.erb (Duration: 0.1ms | GC: 0.0ms)
  Rendered layout layouts/application.html.erb (Duration: 1.6ms | GC: 0.0ms)
Completed 200 OK in 4ms (Views: 2.2ms | ActiveRecord: 0.0ms (0 queries, 0 cached) | GC: 0.0ms)


Started GET "/" for 127.0.0.1 at 2026-02-03 08:52:49 -0300
Processing by PagesController#home as HTML
  Rendering layout layouts/application.html.erb
  Rendering pages/home.html.erb within layouts/application
  Rendered pages/home.html.erb within layouts/application (Duration: 0.0ms | GC: 0.0ms)
  Rendered shared/_navbar.html.erb (Duration: 0.2ms | GC: 0.0ms)
  Rendered layout layouts/application.html.erb (Duration: 1.3ms | GC: 0.0ms)
Completed 200 OK in 3ms (Views: 1.8ms | ActiveRecord: 0.0ms (0 queries, 0 cached) | GC: 0.0ms)


Started GET "/" for 127.0.0.1 at 2026-02-03 08:55:48 -0300
Processing by PagesController#home as HTML
  Rendering layout layouts/application.html.erb
  Rendering pages/home.html.erb within layouts/application
  Rendered pages/home.html.erb within layouts/application (Duration: 0.2ms | GC: 0.0ms)
  Rendered shared/_navbar.html.erb (Duration: 0.2ms | GC: 0.0ms)
  Rendered layout layouts/application.html.erb (Duration: 1.6ms | GC: 0.0ms)
Completed 200 OK in 3ms (Views: 2.4ms | ActiveRecord: 0.0ms (0 queries, 0 cached) | GC: 0.0ms)


Started GET "/" for 127.0.0.1 at 2026-02-03 08:57:31 -0300
Processing by PagesController#home as HTML
  Rendering layout layouts/application.html.erb
  Rendering pages/home.html.erb within layouts/application
  Rendered pages/home.html.erb within layouts/application (Duration: 0.1ms | GC: 0.0ms)
  Rendered shared/_navbar.html.erb (Duration: 0.2ms | GC: 0.0ms)
  Rendered layout layouts/application.html.erb (Duration: 2.3ms | GC: 0.0ms)
Completed 200 OK in 4ms (Views: 2.8ms | ActiveRecord: 0.0ms (0 queries, 0 cached) | GC: 0.3ms)


Started GET "/" for 127.0.0.1 at 2026-02-03 08:57:33 -0300
Processing by PagesController#home as HTML
  Rendering layout layouts/application.html.erb
  Rendering pages/home.html.erb within layouts/application
  Rendered pages/home.html.erb within layouts/application (Duration: 0.0ms | GC: 0.0ms)
  Rendered shared/_navbar.html.erb (Duration: 0.2ms | GC: 0.0ms)
  Rendered layout layouts/application.html.erb (Duration: 1.4ms | GC: 0.0ms)
Completed 200 OK in 3ms (Views: 1.9ms | ActiveRecord: 0.0ms (0 queries, 0 cached) | GC: 0.0ms)


Started GET "/" for 127.0.0.1 at 2026-02-03 08:57:34 -0300
Processing by PagesController#home as HTML
  Rendering layout layouts/application.html.erb
  Rendering pages/home.html.erb within layouts/application
  Rendered pages/home.html.erb within layouts/application (Duration: 0.0ms | GC: 0.0ms)
  Rendered shared/_navbar.html.erb (Duration: 0.1ms | GC: 0.0ms)
  Rendered layout layouts/application.html.erb (Duration: 1.0ms | GC: 0.0ms)
Completed 200 OK in 2ms (Views: 1.4ms | ActiveRecord: 0.0ms (0 queries, 0 cached) | GC: 0.0ms)


Started GET "/" for 127.0.0.1 at 2026-02-03 08:57:43 -0300
Processing by PagesController#home as HTML
  Rendering layout layouts/application.html.erb
  Rendering pages/home.html.erb within layouts/application
  Rendered pages/home.html.erb within layouts/application (Duration: 0.1ms | GC: 0.0ms)
  Rendered shared/_navbar.html.erb (Duration: 0.2ms | GC: 0.0ms)
  Rendered layout layouts/application.html.erb (Duration: 1.1ms | GC: 0.0ms)
Completed 200 OK in 2ms (Views: 1.7ms | ActiveRecord: 0.0ms (0 queries, 0 cached) | GC: 0.0ms)


Started GET "/" for 127.0.0.1 at 2026-02-03 08:57:52 -0300
Processing by PagesController#home as HTML
  Rendering layout layouts/application.html.erb
  Rendering pages/home.html.erb within layouts/application
  Rendered pages/home.html.erb within layouts/application (Duration: 0.1ms | GC: 0.0ms)
  Rendered shared/_navbar.html.erb (Duration: 0.2ms | GC: 0.0ms)
  Rendered layout layouts/application.html.erb (Duration: 1.2ms | GC: 0.0ms)
Completed 200 OK in 2ms (Views: 1.8ms | ActiveRecord: 0.0ms (0 queries, 0 cached) | GC: 0.0ms)


Started GET "/about" for 127.0.0.1 at 2026-02-03 08:57:53 -0300
Processing by PagesController#about as HTML
  Rendering layout layouts/application.html.erb
  Rendering pages/about.html.erb within layouts/application
  Rendered pages/about.html.erb within layouts/application (Duration: 0.3ms | GC: 0.0ms)
  Rendered shared/_navbar.html.erb (Duration: 0.2ms | GC: 0.0ms)
  Rendered layout layouts/application.html.erb (Duration: 1.9ms | GC: 0.0ms)
Completed 200 OK in 4ms (Views: 2.4ms | ActiveRecord: 0.0ms (0 queries, 0 cached) | GC: 0.0ms)


Started GET "/" for 127.0.0.1 at 2026-02-03 08:57:59 -0300
Processing by PagesController#home as HTML
  Rendering layout layouts/application.html.erb
  Rendering pages/home.html.erb within layouts/application
  Rendered pages/home.html.erb within layouts/application (Duration: 0.2ms | GC: 0.0ms)
  Rendered shared/_navbar.html.erb (Duration: 0.3ms | GC: 0.0ms)
  Rendered layout layouts/application.html.erb (Duration: 1.8ms | GC: 0.0ms)
Completed 200 OK in 4ms (Views: 2.7ms | ActiveRecord: 0.0ms (0 queries, 0 cached) | GC: 0.0ms)


Started GET "/about" for 127.0.0.1 at 2026-02-03 08:58:01 -0300
Processing by PagesController#about as HTML
  Rendering layout layouts/application.html.erb
  Rendering pages/about.html.erb within layouts/application
  Rendered pages/about.html.erb within layouts/application (Duration: 0.3ms | GC: 0.0ms)
  Rendered shared/_navbar.html.erb (Duration: 0.2ms | GC: 0.0ms)
  Rendered layout layouts/application.html.erb (Duration: 1.6ms | GC: 0.0ms)
Completed 200 OK in 3ms (Views: 2.0ms | ActiveRecord: 0.0ms (0 queries, 0 cached) | GC: 0.0ms)


Started GET "/" for 127.0.0.1 at 2026-02-03 09:13:51 -0300
Processing by PagesController#home as HTML
  Rendering layout layouts/application.html.erb
  Rendering pages/home.html.erb within layouts/application
  Rendered pages/home.html.erb within layouts/application (Duration: 0.1ms | GC: 0.0ms)
  Rendered shared/_navbar.html.erb (Duration: 0.2ms | GC: 0.0ms)
  Rendered layout layouts/application.html.erb (Duration: 1.2ms | GC: 0.0ms)
Completed 200 OK in 3ms (Views: 2.1ms | ActiveRecord: 0.0ms (0 queries, 0 cached) | GC: 0.2ms)


Started GET "/about" for 127.0.0.1 at 2026-02-03 09:13:54 -0300
Processing by PagesController#about as HTML
  Rendering layout layouts/application.html.erb
  Rendering pages/about.html.erb within layouts/application
  Rendered pages/about.html.erb within layouts/application (Duration: 0.3ms | GC: 0.0ms)
  Rendered shared/_navbar.html.erb (Duration: 0.2ms | GC: 0.0ms)
  Rendered layout layouts/application.html.erb (Duration: 1.6ms | GC: 0.0ms)
Completed 200 OK in 4ms (Views: 2.2ms | ActiveRecord: 0.0ms (0 queries, 0 cached) | GC: 0.0ms)


  [1m[35m (0.2ms)[0m  [1m[34mSELECT pg_try_advisory_lock(8319889817245436955) /*application='RailsGuide'*/[0m
  [1m[36mActiveRecord::SchemaMigration Load (0.6ms)[0m  [1m[34mSELECT "schema_migrations"."version" FROM "schema_migrations" ORDER BY "schema_migrations"."version" ASC /*application='RailsGuide'*/[0m
  [1m[36mActiveRecord::InternalMetadata Load (1.5ms)[0m  [1m[34mSELECT * FROM "ar_internal_metadata" WHERE "ar_internal_metadata"."key" = 'environment' ORDER BY "ar_internal_metadata"."key" ASC LIMIT 1 /*application='RailsGuide'*/[0m
  [1m[36mActiveRecord::InternalMetadata Create (2.0ms)[0m  [1m[32mINSERT INTO "ar_internal_metadata" ("key", "value", "created_at", "updated_at") VALUES ('environment', 'development', '2026-02-03 13:43:45.074794', '2026-02-03 13:43:45.074797') RETURNING "key" /*application='RailsGuide'*/[0m
Migrating to DeviseCreateUsers (20260203133509)
  [1m[36mTRANSACTION (0.2ms)[0m  [1m[35mBEGIN /*application='RailsGuide'*/[0m
  [1m[35m (8.6ms)[0m  [1m[35mCREATE TABLE "users" ("id" bigserial primary key, "email" character varying DEFAULT '' NOT NULL, "encrypted_password" character varying DEFAULT '' NOT NULL, "reset_password_token" character varying, "reset_password_sent_at" timestamp(6), "remember_created_at" timestamp(6), "created_at" timestamp(6) NOT NULL, "updated_at" timestamp(6) NOT NULL) /*application='RailsGuide'*/[0m
  [1m[35m (0.7ms)[0m  [1m[35mCREATE UNIQUE INDEX "index_users_on_email" ON "users" ("email") /*application='RailsGuide'*/[0m
  [1m[35m (0.7ms)[0m  [1m[35mCREATE UNIQUE INDEX "index_users_on_reset_password_token" ON "users" ("reset_password_token") /*application='RailsGuide'*/[0m
  [1m[36mActiveRecord::SchemaMigration Create (0.5ms)[0m  [1m[32mINSERT INTO "schema_migrations" ("version") VALUES ('20260203133509') RETURNING "version" /*application='RailsGuide'*/[0m
  [1m[36mTRANSACTION (0.6ms)[0m  [1m[35mCOMMIT /*application='RailsGuide'*/[0m
  [1m[35m (0.4ms)[0m  [1m[34mSELECT pg_advisory_unlock(8319889817245436955) /*application='RailsGuide'*/[0m
  [1m[36mActiveRecord::SchemaMigration Load (0.2ms)[0m  [1m[34mSELECT "schema_migrations"."version" FROM "schema_migrations" ORDER BY "schema_migrations"."version" ASC /*application='RailsGuide'*/[0m
  [1m[35mSQL (0.2ms)[0m  [1m[35mSET search_path TO public /*application='RailsGuide'*/[0m
  [1m[35mSQL (0.2ms)[0m  [1m[35mSET search_path TO "$user", public /*application='RailsGuide'*/[0m
  [1m[35mSQL (0.2ms)[0m  [1m[35mSET search_path TO public /*application='RailsGuide'*/[0m
  [1m[35mSQL (0.0ms)[0m  [1m[35mSET search_path TO "$user", public /*application='RailsGuide'*/[0m
  [1m[36mActiveRecord::SchemaMigration Load (1.0ms)[0m  [1m[34mSELECT "schema_migrations"."version" FROM "schema_migrations" ORDER BY "schema_migrations"."version" ASC /*application='RailsGuide'*/[0m
Started GET "/about" for 127.0.0.1 at 2026-02-03 13:11:02 -0300
  [1m[36mActiveRecord::SchemaMigration Load (0.3ms)[0m  [1m[34mSELECT "schema_migrations"."version" FROM "schema_migrations" ORDER BY "schema_migrations"."version" ASC /*application='RailsGuide'*/[0m
Processing by PagesController#about as HTML
  Rendering layout layouts/application.html.erb
  Rendering pages/about.html.erb within layouts/application
  Rendered pages/about.html.erb within layouts/application (Duration: 0.3ms | GC: 0.0ms)
  Rendered shared/_flash.html.erb (Duration: 0.4ms | GC: 0.0ms)
  Rendered shared/_navbar.html.erb (Duration: 0.5ms | GC: 0.0ms)
  Rendered layout layouts/application.html.erb (Duration: 32.0ms | GC: 0.9ms)
Completed 200 OK in 66ms (Views: 37.3ms | ActiveRecord: 0.0ms (0 queries, 0 cached) | GC: 1.8ms)


Started GET "/" for 127.0.0.1 at 2026-02-03 13:11:10 -0300
Processing by PagesController#home as HTML
  Rendering layout layouts/application.html.erb
  Rendering pages/home.html.erb within layouts/application
  Rendered pages/home.html.erb within layouts/application (Duration: 0.4ms | GC: 0.0ms)
  Rendered shared/_flash.html.erb (Duration: 0.1ms | GC: 0.0ms)
  Rendered shared/_navbar.html.erb (Duration: 0.2ms | GC: 0.0ms)
  Rendered layout layouts/application.html.erb (Duration: 2.5ms | GC: 0.0ms)
Completed 200 OK in 5ms (Views: 3.2ms | ActiveRecord: 0.0ms (0 queries, 0 cached) | GC: 0.0ms)


Started GET "/about/users/sign_in" for 127.0.0.1 at 2026-02-03 13:11:26 -0300
  
ActionController::RoutingError (No route matches [GET] "/about/users/sign_in"):
  
Started GET "/favicon.ico" for 127.0.0.1 at 2026-02-03 13:11:26 -0300
  
ActionController::RoutingError (No route matches [GET] "/favicon.ico"):
  
Started GET "/users/sign_in" for 127.0.0.1 at 2026-02-03 13:11:35 -0300
Processing by Devise::SessionsController#new as HTML
  Rendering layout layouts/application.html.erb
  Rendering devise/sessions/new.html.erb within layouts/application
  Rendered devise/shared/_links.html.erb (Duration: 0.5ms | GC: 0.0ms)
  Rendered devise/sessions/new.html.erb within layouts/application (Duration: 6.3ms | GC: 0.0ms)
  Rendered shared/_flash.html.erb (Duration: 0.0ms | GC: 0.0ms)
  Rendered shared/_navbar.html.erb (Duration: 0.1ms | GC: 0.0ms)
  Rendered layout layouts/application.html.erb (Duration: 7.1ms | GC: 0.0ms)
Completed 200 OK in 48ms (Views: 8.4ms | ActiveRecord: 10.7ms (0 queries, 0 cached) | GC: 0.0ms)


  [1m[36mActiveRecord::SchemaMigration Load (0.8ms)[0m  [1m[34mSELECT "schema_migrations"."version" FROM "schema_migrations" ORDER BY "schema_migrations"."version" ASC /*application='RailsGuide'*/[0m
  [1m[36mActiveRecord::SchemaMigration Load (0.5ms)[0m  [1m[34mSELECT "schema_migrations"."version" FROM "schema_migrations" ORDER BY "schema_migrations"."version" ASC /*application='RailsGuide'*/[0m
Started GET "/" for 127.0.0.1 at 2026-02-04 10:29:54 -0300
  [1m[36mActiveRecord::SchemaMigration Load (1.2ms)[0m  [1m[34mSELECT "schema_migrations"."version" FROM "schema_migrations" ORDER BY "schema_migrations"."version" ASC /*application='RailsGuide'*/[0m
Processing by PagesController#home as HTML
  Rendering layout layouts/application.html.erb
  Rendering pages/home.html.erb within layouts/application
  Rendered pages/home.html.erb within layouts/application (Duration: 0.2ms | GC: 0.0ms)
  Rendered shared/_flash.html.erb (Duration: 0.2ms | GC: 0.0ms)
  Rendered shared/_navbar.html.erb (Duration: 0.4ms | GC: 0.0ms)
  Rendered layout layouts/application.html.erb (Duration: 15.6ms | GC: 0.4ms)
Completed 200 OK in 33ms (Views: 18.6ms | ActiveRecord: 0.0ms (0 queries, 0 cached) | GC: 2.6ms)


Started GET "/" for 127.0.0.1 at 2026-02-04 10:29:59 -0300
Processing by PagesController#home as HTML
  Rendering layout layouts/application.html.erb
  Rendering pages/home.html.erb within layouts/application
  Rendered pages/home.html.erb within layouts/application (Duration: 0.0ms | GC: 0.0ms)
  Rendered shared/_flash.html.erb (Duration: 0.1ms | GC: 0.0ms)
  Rendered shared/_navbar.html.erb (Duration: 0.1ms | GC: 0.0ms)
  Rendered layout layouts/application.html.erb (Duration: 6.1ms | GC: 0.3ms)
Completed 200 OK in 8ms (Views: 6.4ms | ActiveRecord: 0.0ms (0 queries, 0 cached) | GC: 0.3ms)


Started GET "/about" for 127.0.0.1 at 2026-02-04 10:30:00 -0300
Processing by PagesController#about as HTML
  Rendering layout layouts/application.html.erb
  Rendering pages/about.html.erb within layouts/application
  Rendered pages/about.html.erb within layouts/application (Duration: 0.3ms | GC: 0.0ms)
  Rendered shared/_flash.html.erb (Duration: 0.1ms | GC: 0.0ms)
  Rendered shared/_navbar.html.erb (Duration: 0.1ms | GC: 0.0ms)
  Rendered layout layouts/application.html.erb (Duration: 1.8ms | GC: 0.0ms)
Completed 200 OK in 6ms (Views: 2.5ms | ActiveRecord: 0.0ms (0 queries, 0 cached) | GC: 0.3ms)


Started GET "/" for 127.0.0.1 at 2026-02-04 10:30:01 -0300
Processing by PagesController#home as HTML
  Rendering layout layouts/application.html.erb
  Rendering pages/home.html.erb within layouts/application
  Rendered pages/home.html.erb within layouts/application (Duration: 0.0ms | GC: 0.0ms)
  Rendered shared/_flash.html.erb (Duration: 0.1ms | GC: 0.0ms)
  Rendered shared/_navbar.html.erb (Duration: 0.2ms | GC: 0.0ms)
  Rendered layout layouts/application.html.erb (Duration: 2.7ms | GC: 0.6ms)
Completed 200 OK in 5ms (Views: 3.3ms | ActiveRecord: 0.0ms (0 queries, 0 cached) | GC: 0.6ms)


Started GET "/" for 127.0.0.1 at 2026-02-04 10:30:33 -0300
Processing by PagesController#home as HTML
  Rendering layout layouts/application.html.erb
  Rendering pages/home.html.erb within layouts/application
  Rendered pages/home.html.erb within layouts/application (Duration: 0.2ms | GC: 0.0ms)
  Rendered shared/_flash.html.erb (Duration: 0.3ms | GC: 0.0ms)
  Rendered shared/_navbar.html.erb (Duration: 0.4ms | GC: 0.0ms)
  Rendered layout layouts/application.html.erb (Duration: 3.2ms | GC: 0.0ms)
Completed 200 OK in 6ms (Views: 4.3ms | ActiveRecord: 0.0ms (0 queries, 0 cached) | GC: 0.0ms)


Started GET "/about" for 127.0.0.1 at 2026-02-04 10:30:36 -0300
Processing by PagesController#about as HTML
  Rendering layout layouts/application.html.erb
  Rendering pages/about.html.erb within layouts/application
  Rendered pages/about.html.erb within layouts/application (Duration: 0.3ms | GC: 0.0ms)
  Rendered shared/_flash.html.erb (Duration: 0.1ms | GC: 0.0ms)
  Rendered shared/_navbar.html.erb (Duration: 0.1ms | GC: 0.0ms)
  Rendered layout layouts/application.html.erb (Duration: 1.7ms | GC: 0.0ms)
Completed 200 OK in 4ms (Views: 2.3ms | ActiveRecord: 0.0ms (0 queries, 0 cached) | GC: 0.0ms)


Started GET "/" for 127.0.0.1 at 2026-02-04 10:30:37 -0300
Processing by PagesController#home as HTML
  Rendering layout layouts/application.html.erb
  Rendering pages/home.html.erb within layouts/application
  Rendered pages/home.html.erb within layouts/application (Duration: 0.0ms | GC: 0.0ms)
  Rendered shared/_flash.html.erb (Duration: 0.1ms | GC: 0.0ms)
  Rendered shared/_navbar.html.erb (Duration: 0.2ms | GC: 0.0ms)
  Rendered layout layouts/application.html.erb (Duration: 2.4ms | GC: 0.0ms)
Completed 200 OK in 4ms (Views: 3.0ms | ActiveRecord: 0.0ms (0 queries, 0 cached) | GC: 0.0ms)


Started GET "/about" for 127.0.0.1 at 2026-02-04 10:30:39 -0300
Processing by PagesController#about as HTML
  Rendering layout layouts/application.html.erb
  Rendering pages/about.html.erb within layouts/application
  Rendered pages/about.html.erb within layouts/application (Duration: 0.0ms | GC: 0.0ms)
  Rendered shared/_flash.html.erb (Duration: 0.1ms | GC: 0.0ms)
  Rendered shared/_navbar.html.erb (Duration: 0.3ms | GC: 0.0ms)
  Rendered layout layouts/application.html.erb (Duration: 3.1ms | GC: 0.0ms)
Completed 200 OK in 5ms (Views: 3.7ms | ActiveRecord: 0.0ms (0 queries, 0 cached) | GC: 0.0ms)


Started GET "/" for 127.0.0.1 at 2026-02-04 10:30:41 -0300
Processing by PagesController#home as HTML
  Rendering layout layouts/application.html.erb
  Rendering pages/home.html.erb within layouts/application
  Rendered pages/home.html.erb within layouts/application (Duration: 0.0ms | GC: 0.0ms)
  Rendered shared/_flash.html.erb (Duration: 0.1ms | GC: 0.0ms)
  Rendered shared/_navbar.html.erb (Duration: 0.1ms | GC: 0.0ms)
  Rendered layout layouts/application.html.erb (Duration: 1.5ms | GC: 0.0ms)
Completed 200 OK in 3ms (Views: 2.0ms | ActiveRecord: 0.0ms (0 queries, 0 cached) | GC: 0.0ms)


Started GET "/users/sign_in" for 127.0.0.1 at 2026-02-04 10:34:44 -0300
Processing by Devise::SessionsController#new as HTML
  Rendering layout layouts/devise.html.erb
  Rendering devise/sessions/new.html.erb within layouts/devise
  Rendered devise/shared/_links.html.erb (Duration: 0.4ms | GC: 0.0ms)
  Rendered devise/sessions/new.html.erb within layouts/devise (Duration: 3.9ms | GC: 0.0ms)
  Rendered layout layouts/devise.html.erb (Duration: 4.4ms | GC: 0.0ms)
Completed 200 OK in 38ms (Views: 5.5ms | ActiveRecord: 12.1ms (0 queries, 0 cached) | GC: 0.0ms)


Started GET "/users/sign_up" for 127.0.0.1 at 2026-02-04 10:36:10 -0300
Processing by Devise::RegistrationsController#new as HTML
  Rendering layout layouts/devise.html.erb
  Rendering devise/registrations/new.html.erb within layouts/devise
  Rendered devise/shared/_error_messages.html.erb (Duration: 1.1ms | GC: 0.0ms)
  Rendered devise/shared/_links.html.erb (Duration: 0.6ms | GC: 0.0ms)
  Rendered devise/registrations/new.html.erb within layouts/devise (Duration: 11.2ms | GC: 0.0ms)
  Rendered layout layouts/devise.html.erb (Duration: 13.0ms | GC: 0.0ms)
Completed 200 OK in 18ms (Views: 15.5ms | ActiveRecord: 0.0ms (0 queries, 0 cached) | GC: 0.0ms)


Started GET "/users/sign_up" for 127.0.0.1 at 2026-02-04 10:36:11 -0300
Processing by Devise::RegistrationsController#new as HTML
  Rendering layout layouts/devise.html.erb
  Rendering devise/registrations/new.html.erb within layouts/devise
  Rendered devise/shared/_error_messages.html.erb (Duration: 0.0ms | GC: 0.0ms)
  Rendered devise/shared/_links.html.erb (Duration: 0.2ms | GC: 0.0ms)
  Rendered devise/registrations/new.html.erb within layouts/devise (Duration: 2.3ms | GC: 0.0ms)
  Rendered layout layouts/devise.html.erb (Duration: 2.8ms | GC: 0.0ms)
Completed 200 OK in 5ms (Views: 3.5ms | ActiveRecord: 0.0ms (0 queries, 0 cached) | GC: 0.0ms)


Started GET "/users/sign_in" for 127.0.0.1 at 2026-02-04 10:36:13 -0300
Processing by Devise::SessionsController#new as HTML
  Rendering layout layouts/devise.html.erb
  Rendering devise/sessions/new.html.erb within layouts/devise
  Rendered devise/shared/_links.html.erb (Duration: 0.2ms | GC: 0.0ms)
  Rendered devise/sessions/new.html.erb within layouts/devise (Duration: 2.0ms | GC: 0.0ms)
  Rendered layout layouts/devise.html.erb (Duration: 2.7ms | GC: 0.0ms)
Completed 200 OK in 5ms (Views: 3.3ms | ActiveRecord: 0.0ms (0 queries, 0 cached) | GC: 0.0ms)


Started GET "/users/password/new" for 127.0.0.1 at 2026-02-04 10:36:14 -0300
Processing by Devise::PasswordsController#new as HTML
  Rendering layout layouts/devise.html.erb
  Rendering devise/passwords/new.html.erb within layouts/devise
  Rendered devise/shared/_error_messages.html.erb (Duration: 0.0ms | GC: 0.0ms)
  Rendered devise/shared/_links.html.erb (Duration: 0.2ms | GC: 0.0ms)
  Rendered devise/passwords/new.html.erb within layouts/devise (Duration: 1.5ms | GC: 0.0ms)
  Rendered layout layouts/devise.html.erb (Duration: 2.3ms | GC: 0.0ms)
Completed 200 OK in 5ms (Views: 3.2ms | ActiveRecord: 0.0ms (0 queries, 0 cached) | GC: 0.0ms)


Started GET "/users/sign_up" for 127.0.0.1 at 2026-02-04 10:36:14 -0300
Processing by Devise::RegistrationsController#new as HTML
  Rendering layout layouts/devise.html.erb
  Rendering devise/registrations/new.html.erb within layouts/devise
  Rendered devise/shared/_error_messages.html.erb (Duration: 0.0ms | GC: 0.0ms)
  Rendered devise/shared/_links.html.erb (Duration: 0.1ms | GC: 0.0ms)
  Rendered devise/registrations/new.html.erb within layouts/devise (Duration: 1.1ms | GC: 0.0ms)
  Rendered layout layouts/devise.html.erb (Duration: 1.5ms | GC: 0.0ms)
Completed 200 OK in 3ms (Views: 1.8ms | ActiveRecord: 0.0ms (0 queries, 0 cached) | GC: 0.0ms)


Started GET "/users/sign_in" for 127.0.0.1 at 2026-02-04 10:36:19 -0300
Processing by Devise::SessionsController#new as HTML
  Rendering layout layouts/devise.html.erb
  Rendering devise/sessions/new.html.erb within layouts/devise
  Rendered devise/shared/_links.html.erb (Duration: 0.2ms | GC: 0.0ms)
  Rendered devise/sessions/new.html.erb within layouts/devise (Duration: 1.4ms | GC: 0.0ms)
  Rendered layout layouts/devise.html.erb (Duration: 1.9ms | GC: 0.0ms)
Completed 200 OK in 5ms (Views: 2.4ms | ActiveRecord: 0.0ms (0 queries, 0 cached) | GC: 0.0ms)


Started GET "/users/password/new" for 127.0.0.1 at 2026-02-04 10:36:24 -0300
Processing by Devise::PasswordsController#new as HTML
  Rendering layout layouts/devise.html.erb
  Rendering devise/passwords/new.html.erb within layouts/devise
  Rendered devise/shared/_error_messages.html.erb (Duration: 0.0ms | GC: 0.0ms)
  Rendered devise/shared/_links.html.erb (Duration: 0.1ms | GC: 0.0ms)
  Rendered devise/passwords/new.html.erb within layouts/devise (Duration: 0.9ms | GC: 0.0ms)
  Rendered layout layouts/devise.html.erb (Duration: 1.2ms | GC: 0.0ms)
Completed 200 OK in 2ms (Views: 1.5ms | ActiveRecord: 0.0ms (0 queries, 0 cached) | GC: 0.0ms)


Started GET "/users/sign_in" for 127.0.0.1 at 2026-02-04 10:36:26 -0300
Processing by Devise::SessionsController#new as HTML
  Rendering layout layouts/devise.html.erb
  Rendering devise/sessions/new.html.erb within layouts/devise
  Rendered devise/shared/_links.html.erb (Duration: 0.1ms | GC: 0.0ms)
  Rendered devise/sessions/new.html.erb within layouts/devise (Duration: 1.0ms | GC: 0.0ms)
  Rendered layout layouts/devise.html.erb (Duration: 1.3ms | GC: 0.0ms)
Completed 200 OK in 3ms (Views: 1.7ms | ActiveRecord: 0.0ms (0 queries, 0 cached) | GC: 0.0ms)


Started GET "/users/sign_in" for 127.0.0.1 at 2026-02-04 10:38:02 -0300
Processing by Devise::SessionsController#new as HTML
  Rendering layout layouts/devise.html.erb
  Rendering devise/sessions/new.html.erb within layouts/devise
  Rendered devise/shared/_links.html.erb (Duration: 0.9ms | GC: 0.0ms)
  Rendered devise/sessions/new.html.erb within layouts/devise (Duration: 3.6ms | GC: 0.0ms)
  Rendered layout layouts/devise.html.erb (Duration: 4.5ms | GC: 0.0ms)
Completed 200 OK in 14ms (Views: 6.5ms | ActiveRecord: 1.7ms (0 queries, 0 cached) | GC: 0.7ms)


Started GET "/users/sign_in" for 127.0.0.1 at 2026-02-04 10:38:53 -0300
Processing by Devise::SessionsController#new as HTML
  Rendering layout layouts/devise.html.erb
  Rendering devise/sessions/new.html.erb within layouts/devise
  Rendered devise/shared/_links.html.erb (Duration: 0.7ms | GC: 0.2ms)
  Rendered devise/sessions/new.html.erb within layouts/devise (Duration: 2.3ms | GC: 0.2ms)
  Rendered layout layouts/devise.html.erb (Duration: 2.9ms | GC: 0.2ms)
Completed 200 OK in 11ms (Views: 4.9ms | ActiveRecord: 2.3ms (0 queries, 0 cached) | GC: 0.3ms)


Started GET "/users/sign_in" for 127.0.0.1 at 2026-02-04 10:39:36 -0300
Processing by Devise::SessionsController#new as HTML
  Rendering layout layouts/devise.html.erb
  Rendering devise/sessions/new.html.erb within layouts/devise
  Rendered devise/shared/_links.html.erb (Duration: 0.5ms | GC: 0.0ms)
  Rendered devise/sessions/new.html.erb within layouts/devise (Duration: 2.4ms | GC: 0.0ms)
  Rendered layout layouts/devise.html.erb (Duration: 3.1ms | GC: 0.0ms)
Completed 200 OK in 9ms (Views: 4.2ms | ActiveRecord: 1.7ms (0 queries, 0 cached) | GC: 0.0ms)


Started GET "/users/sign_in" for 127.0.0.1 at 2026-02-04 10:40:16 -0300
Processing by Devise::SessionsController#new as HTML
  Rendering layout layouts/devise.html.erb
  Rendering devise/sessions/new.html.erb within layouts/devise
  Rendered devise/shared/_links.html.erb (Duration: 0.4ms | GC: 0.0ms)
  Rendered devise/sessions/new.html.erb within layouts/devise (Duration: 2.2ms | GC: 0.0ms)
  Rendered layout layouts/devise.html.erb (Duration: 2.8ms | GC: 0.0ms)
Completed 200 OK in 11ms (Views: 4.2ms | ActiveRecord: 1.9ms (0 queries, 0 cached) | GC: 0.0ms)


Started GET "/users/sign_in" for 127.0.0.1 at 2026-02-04 10:40:37 -0300
Processing by Devise::SessionsController#new as HTML
  Rendering layout layouts/devise.html.erb
  Rendering devise/sessions/new.html.erb within layouts/devise
  Rendered devise/shared/_links.html.erb (Duration: 0.9ms | GC: 0.3ms)
  Rendered devise/sessions/new.html.erb within layouts/devise (Duration: 2.8ms | GC: 0.3ms)
  Rendered layout layouts/devise.html.erb (Duration: 3.6ms | GC: 0.3ms)
Completed 200 OK in 16ms (Views: 5.2ms | ActiveRecord: 2.0ms (0 queries, 0 cached) | GC: 3.9ms)


Started GET "/users/sign_in" for 127.0.0.1 at 2026-02-04 10:42:25 -0300
Processing by Devise::SessionsController#new as HTML
  Rendering layout layouts/devise.html.erb
  Rendering devise/sessions/new.html.erb within layouts/devise
  Rendered devise/shared/_links.html.erb (Duration: 0.7ms | GC: 0.2ms)
  Rendered devise/sessions/new.html.erb within layouts/devise (Duration: 2.4ms | GC: 0.2ms)
  Rendered layout layouts/devise.html.erb (Duration: 3.5ms | GC: 0.2ms)
Completed 200 OK in 11ms (Views: 5.0ms | ActiveRecord: 1.8ms (0 queries, 0 cached) | GC: 0.4ms)


Started GET "/users/sign_in" for 127.0.0.1 at 2026-02-04 10:43:18 -0300
Processing by Devise::SessionsController#new as HTML
  Rendering layout layouts/devise.html.erb
  Rendering devise/sessions/new.html.erb within layouts/devise
  Rendered devise/shared/_links.html.erb (Duration: 0.6ms | GC: 0.2ms)
  Rendered devise/sessions/new.html.erb within layouts/devise (Duration: 1.8ms | GC: 0.2ms)
  Rendered layout layouts/devise.html.erb (Duration: 2.3ms | GC: 0.2ms)
Completed 200 OK in 11ms (Views: 3.8ms | ActiveRecord: 2.1ms (0 queries, 0 cached) | GC: 0.6ms)


Started GET "/users/sign_in" for 127.0.0.1 at 2026-02-04 10:43:26 -0300
Processing by Devise::SessionsController#new as HTML
  Rendering layout layouts/devise.html.erb
  Rendering devise/sessions/new.html.erb within layouts/devise
  Rendered devise/shared/_links.html.erb (Duration: 0.4ms | GC: 0.0ms)
  Rendered devise/sessions/new.html.erb within layouts/devise (Duration: 2.1ms | GC: 0.0ms)
  Rendered layout layouts/devise.html.erb (Duration: 2.9ms | GC: 0.0ms)
Completed 200 OK in 11ms (Views: 4.7ms | ActiveRecord: 1.5ms (0 queries, 0 cached) | GC: 0.1ms)


Started GET "/users/sign_in" for 127.0.0.1 at 2026-02-04 10:43:27 -0300
Processing by Devise::SessionsController#new as HTML
  Rendering layout layouts/devise.html.erb
  Rendering devise/sessions/new.html.erb within layouts/devise
  Rendered devise/shared/_links.html.erb (Duration: 0.4ms | GC: 0.0ms)
  Rendered devise/sessions/new.html.erb within layouts/devise (Duration: 2.3ms | GC: 0.0ms)
  Rendered layout layouts/devise.html.erb (Duration: 3.3ms | GC: 0.0ms)
Completed 200 OK in 6ms (Views: 4.0ms | ActiveRecord: 0.0ms (0 queries, 0 cached) | GC: 0.0ms)


Started GET "/users/password/new" for 127.0.0.1 at 2026-02-04 10:43:29 -0300
Processing by Devise::PasswordsController#new as HTML
  Rendering layout layouts/devise.html.erb
  Rendering devise/passwords/new.html.erb within layouts/devise
  Rendered devise/shared/_error_messages.html.erb (Duration: 0.3ms | GC: 0.0ms)
  Rendered devise/shared/_links.html.erb (Duration: 0.2ms | GC: 0.0ms)
  Rendered devise/passwords/new.html.erb within layouts/devise (Duration: 2.1ms | GC: 0.0ms)
  Rendered layout layouts/devise.html.erb (Duration: 2.7ms | GC: 0.0ms)
Completed 200 OK in 6ms (Views: 3.6ms | ActiveRecord: 0.0ms (0 queries, 0 cached) | GC: 0.0ms)


Started GET "/users/sign_up" for 127.0.0.1 at 2026-02-04 10:43:30 -0300
Processing by Devise::RegistrationsController#new as HTML
  Rendering layout layouts/devise.html.erb
  Rendering devise/registrations/new.html.erb within layouts/devise
  Rendered devise/shared/_error_messages.html.erb (Duration: 0.0ms | GC: 0.0ms)
  Rendered devise/shared/_links.html.erb (Duration: 0.1ms | GC: 0.0ms)
  Rendered devise/registrations/new.html.erb within layouts/devise (Duration: 1.3ms | GC: 0.0ms)
  Rendered layout layouts/devise.html.erb (Duration: 1.7ms | GC: 0.0ms)
Completed 200 OK in 3ms (Views: 2.4ms | ActiveRecord: 0.0ms (0 queries, 0 cached) | GC: 0.0ms)


Started GET "/users/sign_in" for 127.0.0.1 at 2026-02-04 10:43:31 -0300
Processing by Devise::SessionsController#new as HTML
  Rendering layout layouts/devise.html.erb
  Rendering devise/sessions/new.html.erb within layouts/devise
  Rendered devise/shared/_links.html.erb (Duration: 0.2ms | GC: 0.0ms)
  Rendered devise/sessions/new.html.erb within layouts/devise (Duration: 1.6ms | GC: 0.0ms)
  Rendered layout layouts/devise.html.erb (Duration: 2.2ms | GC: 0.0ms)
Completed 200 OK in 4ms (Views: 2.7ms | ActiveRecord: 0.0ms (0 queries, 0 cached) | GC: 0.0ms)


Started GET "/users/sign_in" for 127.0.0.1 at 2026-02-04 10:43:32 -0300
Processing by Devise::SessionsController#new as HTML
  Rendering layout layouts/devise.html.erb
  Rendering devise/sessions/new.html.erb within layouts/devise
  Rendered devise/shared/_links.html.erb (Duration: 0.2ms | GC: 0.0ms)
  Rendered devise/sessions/new.html.erb within layouts/devise (Duration: 1.7ms | GC: 0.0ms)
  Rendered layout layouts/devise.html.erb (Duration: 2.5ms | GC: 0.0ms)
Completed 200 OK in 5ms (Views: 3.0ms | ActiveRecord: 0.0ms (0 queries, 0 cached) | GC: 0.0ms)


Started GET "/users/password/new" for 127.0.0.1 at 2026-02-04 10:43:33 -0300
Processing by Devise::PasswordsController#new as HTML
  Rendering layout layouts/devise.html.erb
  Rendering devise/passwords/new.html.erb within layouts/devise
  Rendered devise/shared/_error_messages.html.erb (Duration: 0.0ms | GC: 0.0ms)
  Rendered devise/shared/_links.html.erb (Duration: 0.2ms | GC: 0.0ms)
  Rendered devise/passwords/new.html.erb within layouts/devise (Duration: 1.4ms | GC: 0.0ms)
  Rendered layout layouts/devise.html.erb (Duration: 2.0ms | GC: 0.0ms)
Completed 200 OK in 4ms (Views: 2.5ms | ActiveRecord: 0.0ms (0 queries, 0 cached) | GC: 0.0ms)


Started GET "/users/sign_in" for 127.0.0.1 at 2026-02-04 10:49:26 -0300
Processing by Devise::SessionsController#new as HTML
  Rendering layout layouts/devise.html.erb
  Rendering devise/sessions/new.html.erb within layouts/devise
  Rendered devise/shared/_links.html.erb (Duration: 0.3ms | GC: 0.0ms)
  Rendered devise/sessions/new.html.erb within layouts/devise (Duration: 1.5ms | GC: 0.0ms)
  Rendered layout layouts/devise.html.erb (Duration: 2.2ms | GC: 0.1ms)
Completed 200 OK in 6ms (Views: 3.4ms | ActiveRecord: 0.0ms (0 queries, 0 cached) | GC: 0.3ms)


Started GET "/users/sign_in" for 127.0.0.1 at 2026-02-04 10:49:27 -0300
Processing by Devise::SessionsController#new as HTML
  Rendering layout layouts/devise.html.erb
  Rendering devise/sessions/new.html.erb within layouts/devise
  Rendered devise/shared/_links.html.erb (Duration: 0.2ms | GC: 0.0ms)
  Rendered devise/sessions/new.html.erb within layouts/devise (Duration: 1.8ms | GC: 0.2ms)
  Rendered layout layouts/devise.html.erb (Duration: 2.6ms | GC: 0.2ms)
Completed 200 OK in 5ms (Views: 3.2ms | ActiveRecord: 0.0ms (0 queries, 0 cached) | GC: 0.2ms)


Started GET "/users/sign_in" for 127.0.0.1 at 2026-02-04 10:52:00 -0300
Processing by Devise::SessionsController#new as HTML
  Rendering layout layouts/devise.html.erb
  Rendering devise/sessions/new.html.erb within layouts/devise
  Rendered devise/shared/_links.html.erb (Duration: 0.6ms | GC: 0.0ms)
  Rendered devise/sessions/new.html.erb within layouts/devise (Duration: 2.5ms | GC: 0.0ms)
  Rendered layout layouts/devise.html.erb (Duration: 3.4ms | GC: 0.0ms)
Completed 200 OK in 9ms (Views: 5.2ms | ActiveRecord: 0.0ms (0 queries, 0 cached) | GC: 0.2ms)


Started GET "/users/sign_in" for 127.0.0.1 at 2026-02-04 10:54:22 -0300
Processing by Devise::SessionsController#new as HTML
  Rendering layout layouts/devise.html.erb
  Rendering devise/sessions/new.html.erb within layouts/devise
  Rendered devise/shared/_links.html.erb (Duration: 0.4ms | GC: 0.0ms)
  Rendered devise/sessions/new.html.erb within layouts/devise (Duration: 1.5ms | GC: 0.0ms)
  Rendered layout layouts/devise.html.erb (Duration: 2.0ms | GC: 0.0ms)
Completed 200 OK in 6ms (Views: 3.2ms | ActiveRecord: 0.0ms (0 queries, 0 cached) | GC: 0.1ms)


Started GET "/" for 127.0.0.1 at 2026-02-04 10:54:26 -0300
Processing by PagesController#home as HTML
  Rendering layout layouts/application.html.erb
  Rendering pages/home.html.erb within layouts/application
  Rendered pages/home.html.erb within layouts/application (Duration: 0.4ms | GC: 0.0ms)
  Rendered shared/_flash.html.erb (Duration: 0.3ms | GC: 0.0ms)
  Rendered shared/_navbar.html.erb (Duration: 0.6ms | GC: 0.0ms)
  Rendered layout layouts/application.html.erb (Duration: 3.9ms | GC: 0.0ms)
Completed 200 OK in 9ms (Views: 7.2ms | ActiveRecord: 0.0ms (0 queries, 0 cached) | GC: 0.0ms)


Started GET "/" for 127.0.0.1 at 2026-02-04 10:54:28 -0300
Processing by PagesController#home as HTML
  Rendering layout layouts/application.html.erb
  Rendering pages/home.html.erb within layouts/application
  Rendered pages/home.html.erb within layouts/application (Duration: 0.0ms | GC: 0.0ms)
  Rendered shared/_flash.html.erb (Duration: 0.0ms | GC: 0.0ms)
  Rendered shared/_navbar.html.erb (Duration: 0.1ms | GC: 0.0ms)
  Rendered layout layouts/application.html.erb (Duration: 1.0ms | GC: 0.0ms)
Completed 200 OK in 2ms (Views: 1.3ms | ActiveRecord: 0.0ms (0 queries, 0 cached) | GC: 0.0ms)


Started GET "/users/sign_in" for 127.0.0.1 at 2026-02-04 10:55:36 -0300
Processing by Devise::SessionsController#new as HTML
  Rendering layout layouts/devise.html.erb
  Rendering devise/sessions/new.html.erb within layouts/devise
  Rendered devise/shared/_links.html.erb (Duration: 0.4ms | GC: 0.0ms)
  Rendered devise/sessions/new.html.erb within layouts/devise (Duration: 1.5ms | GC: 0.0ms)
  Rendered layout layouts/devise.html.erb (Duration: 2.3ms | GC: 0.2ms)
Completed 200 OK in 6ms (Views: 3.2ms | ActiveRecord: 0.0ms (0 queries, 0 cached) | GC: 0.5ms)


Started GET "/users/sign_in" for 127.0.0.1 at 2026-02-04 10:55:47 -0300
Processing by Devise::SessionsController#new as HTML
  Rendering layout layouts/devise.html.erb
  Rendering devise/sessions/new.html.erb within layouts/devise
  Rendered devise/shared/_links.html.erb (Duration: 0.5ms | GC: 0.0ms)
  Rendered devise/sessions/new.html.erb within layouts/devise (Duration: 2.2ms | GC: 0.0ms)
  Rendered layout layouts/devise.html.erb (Duration: 3.1ms | GC: 0.1ms)
Completed 200 OK in 8ms (Views: 4.9ms | ActiveRecord: 0.0ms (0 queries, 0 cached) | GC: 0.3ms)


Started GET "/users/sign_in" for 127.0.0.1 at 2026-02-04 10:57:15 -0300
Processing by Devise::SessionsController#new as HTML
  Rendering layout layouts/devise.html.erb
  Rendering devise/sessions/new.html.erb within layouts/devise
  Rendered devise/shared/_links.html.erb (Duration: 0.1ms | GC: 0.0ms)
  Rendered devise/sessions/new.html.erb within layouts/devise (Duration: 1.3ms | GC: 0.0ms)
  Rendered layout layouts/devise.html.erb (Duration: 1.9ms | GC: 0.2ms)
Completed 200 OK in 4ms (Views: 2.4ms | ActiveRecord: 0.0ms (0 queries, 0 cached) | GC: 0.2ms)


Started GET "/users/sign_in" for 127.0.0.1 at 2026-02-04 15:41:11 -0300
Processing by Devise::SessionsController#new as HTML
  Rendering layout layouts/devise.html.erb
  Rendering devise/sessions/new.html.erb within layouts/devise
  Rendered devise/shared/_links.html.erb (Duration: 5.7ms | GC: 0.0ms)
  Rendered devise/sessions/new.html.erb within layouts/devise (Duration: 80.3ms | GC: 0.0ms)
  Rendered layout layouts/devise.html.erb (Duration: 97.5ms | GC: 0.0ms)
Completed 200 OK in 251ms (Views: 125.3ms | ActiveRecord: 0.0ms (0 queries, 0 cached) | GC: 0.0ms)


Started GET "/" for 127.0.0.1 at 2026-02-04 15:42:44 -0300
Processing by PagesController#home as HTML
  Rendering layout layouts/application.html.erb
  Rendering pages/home.html.erb within layouts/application
  Rendered pages/home.html.erb within layouts/application (Duration: 6.4ms | GC: 0.0ms)
  Rendered shared/_flash.html.erb (Duration: 1.6ms | GC: 0.0ms)
  Rendered shared/_navbar.html.erb (Duration: 3.0ms | GC: 0.0ms)
  Rendered layout layouts/application.html.erb (Duration: 22.4ms | GC: 0.0ms)
Completed 200 OK in 46ms (Views: 38.7ms | ActiveRecord: 0.0ms (0 queries, 0 cached) | GC: 0.0ms)


Started GET "/" for 127.0.0.1 at 2026-02-04 15:43:48 -0300
Processing by PagesController#home as HTML
  Rendering layout layouts/application.html.erb
  Rendering pages/home.html.erb within layouts/application
  Rendered pages/home.html.erb within layouts/application (Duration: 0.0ms | GC: 0.0ms)
  Rendered shared/_flash.html.erb (Duration: 0.1ms | GC: 0.0ms)
  Rendered shared/_navbar.html.erb (Duration: 0.2ms | GC: 0.0ms)
  Rendered layout layouts/application.html.erb (Duration: 2.2ms | GC: 0.0ms)
Completed 200 OK in 4ms (Views: 2.7ms | ActiveRecord: 0.0ms (0 queries, 0 cached) | GC: 0.0ms)


Started GET "/favicon.ico" for 127.0.0.1 at 2026-02-04 15:43:51 -0300
  
ActionController::RoutingError (No route matches [GET] "/favicon.ico"):
  
Started GET "/users/sign_in" for 127.0.0.1 at 2026-02-04 15:43:53 -0300
Processing by Devise::SessionsController#new as HTML
  Rendering layout layouts/devise.html.erb
  Rendering devise/sessions/new.html.erb within layouts/devise
  Rendered devise/shared/_links.html.erb (Duration: 0.1ms | GC: 0.0ms)
  Rendered devise/sessions/new.html.erb within layouts/devise (Duration: 1.8ms | GC: 0.2ms)
  Rendered layout layouts/devise.html.erb (Duration: 2.1ms | GC: 0.2ms)
Completed 200 OK in 4ms (Views: 2.5ms | ActiveRecord: 0.0ms (0 queries, 0 cached) | GC: 0.2ms)


Started GET "/favicon.ico" for 127.0.0.1 at 2026-02-04 15:45:03 -0300
  
ActionController::RoutingError (No route matches [GET] "/favicon.ico"):
  
Started GET "/" for 127.0.0.1 at 2026-02-04 15:56:14 -0300
Processing by PagesController#home as HTML
  Rendering layout layouts/application.html.erb
  Rendering pages/home.html.erb within layouts/application
  Rendered pages/home.html.erb within layouts/application (Duration: 0.4ms | GC: 0.0ms)
  Rendered shared/_flash.html.erb (Duration: 0.3ms | GC: 0.0ms)
  Rendered shared/_navbar.html.erb (Duration: 0.3ms | GC: 0.0ms)
  Rendered layout layouts/application.html.erb (Duration: 3.6ms | GC: 0.0ms)
Completed 200 OK in 7ms (Views: 5.6ms | ActiveRecord: 0.0ms (0 queries, 0 cached) | GC: 0.0ms)


Started GET "/favicon.ico" for 127.0.0.1 at 2026-02-04 15:56:20 -0300
  
ActionController::RoutingError (No route matches [GET] "/favicon.ico"):
  
Started GET "/users/sign_in" for 127.0.0.1 at 2026-02-04 15:56:22 -0300
Processing by Devise::SessionsController#new as HTML
  Rendering layout layouts/devise.html.erb
  Rendering devise/sessions/new.html.erb within layouts/devise
  Rendered devise/shared/_links.html.erb (Duration: 0.9ms | GC: 0.0ms)
  Rendered devise/sessions/new.html.erb within layouts/devise (Duration: 3.6ms | GC: 0.0ms)
  Rendered layout layouts/devise.html.erb (Duration: 4.8ms | GC: 0.0ms)
Completed 200 OK in 25ms (Views: 6.7ms | ActiveRecord: 0.0ms (0 queries, 0 cached) | GC: 0.0ms)


Started GET "/users/sign_in" for 127.0.0.1 at 2026-02-04 15:56:51 -0300
Processing by Devise::SessionsController#new as HTML
  Rendering layout layouts/devise.html.erb
  Rendering devise/sessions/new.html.erb within layouts/devise
  Rendered devise/shared/_links.html.erb (Duration: 0.2ms | GC: 0.0ms)
  Rendered devise/sessions/new.html.erb within layouts/devise (Duration: 1.7ms | GC: 0.0ms)
  Rendered layout layouts/devise.html.erb (Duration: 2.3ms | GC: 0.0ms)
Completed 200 OK in 13ms (Views: 2.8ms | ActiveRecord: 0.0ms (0 queries, 0 cached) | GC: 6.8ms)


Started GET "/users/sign_in" for 127.0.0.1 at 2026-02-04 15:57:19 -0300
Processing by Devise::SessionsController#new as HTML
  Rendering layout layouts/devise.html.erb
  Rendering devise/sessions/new.html.erb within layouts/devise
  Rendered devise/shared/_links.html.erb (Duration: 0.5ms | GC: 0.3ms)
  Rendered devise/sessions/new.html.erb within layouts/devise (Duration: 1.7ms | GC: 0.3ms)
  Rendered layout layouts/devise.html.erb (Duration: 2.3ms | GC: 0.3ms)
Completed 200 OK in 4ms (Views: 2.7ms | ActiveRecord: 0.0ms (0 queries, 0 cached) | GC: 0.3ms)


Started GET "/users/sign_in" for 127.0.0.1 at 2026-02-04 15:58:03 -0300
Processing by Devise::SessionsController#new as HTML
  Rendering layout layouts/devise.html.erb
  Rendering devise/sessions/new.html.erb within layouts/devise
  Rendered devise/shared/_links.html.erb (Duration: 0.9ms | GC: 0.0ms)
  Rendered devise/sessions/new.html.erb within layouts/devise (Duration: 3.0ms | GC: 0.0ms)
  Rendered layout layouts/devise.html.erb (Duration: 3.9ms | GC: 0.1ms)
Completed 200 OK in 8ms (Views: 5.3ms | ActiveRecord: 0.0ms (0 queries, 0 cached) | GC: 0.3ms)


Started GET "/users/sign_in" for 127.0.0.1 at 2026-02-04 15:58:04 -0300
Processing by Devise::SessionsController#new as HTML
  Rendering layout layouts/devise.html.erb
  Rendering devise/sessions/new.html.erb within layouts/devise
  Rendered devise/shared/_links.html.erb (Duration: 0.2ms | GC: 0.0ms)
  Rendered devise/sessions/new.html.erb within layouts/devise (Duration: 1.4ms | GC: 0.0ms)
  Rendered layout layouts/devise.html.erb (Duration: 2.0ms | GC: 0.1ms)
Completed 200 OK in 4ms (Views: 2.4ms | ActiveRecord: 0.0ms (0 queries, 0 cached) | GC: 0.1ms)


Started GET "/users/sign_in" for 127.0.0.1 at 2026-02-04 15:58:51 -0300
Processing by Devise::SessionsController#new as HTML
  Rendering layout layouts/devise.html.erb
  Rendering devise/sessions/new.html.erb within layouts/devise
  Rendered devise/shared/_links.html.erb (Duration: 0.4ms | GC: 0.0ms)
  Rendered devise/sessions/new.html.erb within layouts/devise (Duration: 1.8ms | GC: 0.0ms)
  Rendered layout layouts/devise.html.erb (Duration: 2.5ms | GC: 0.1ms)
Completed 200 OK in 6ms (Views: 3.6ms | ActiveRecord: 0.0ms (0 queries, 0 cached) | GC: 0.1ms)


Started GET "/users/sign_in" for 127.0.0.1 at 2026-02-04 15:59:08 -0300
Processing by Devise::SessionsController#new as HTML
  Rendering layout layouts/devise.html.erb
  Rendering devise/sessions/new.html.erb within layouts/devise
  Rendered devise/shared/_links.html.erb (Duration: 0.1ms | GC: 0.0ms)
  Rendered devise/sessions/new.html.erb within layouts/devise (Duration: 1.5ms | GC: 0.0ms)
  Rendered layout layouts/devise.html.erb (Duration: 1.9ms | GC: 0.0ms)
Completed 200 OK in 4ms (Views: 2.3ms | ActiveRecord: 0.0ms (0 queries, 0 cached) | GC: 0.0ms)


Started GET "/users/sign_in" for 127.0.0.1 at 2026-02-04 15:59:45 -0300
Processing by Devise::SessionsController#new as HTML
  Rendering layout layouts/devise.html.erb
  Rendering devise/sessions/new.html.erb within layouts/devise
  Rendered devise/shared/_links.html.erb (Duration: 0.4ms | GC: 0.0ms)
  Rendered devise/sessions/new.html.erb within layouts/devise (Duration: 1.7ms | GC: 0.0ms)
  Rendered layout layouts/devise.html.erb (Duration: 2.4ms | GC: 0.0ms)
Completed 200 OK in 6ms (Views: 3.6ms | ActiveRecord: 0.0ms (0 queries, 0 cached) | GC: 0.3ms)


Started GET "/users/sign_in" for 127.0.0.1 at 2026-02-04 16:07:05 -0300
Processing by Devise::SessionsController#new as HTML
  Rendering layout layouts/devise.html.erb
  Rendering devise/sessions/new.html.erb within layouts/devise
  Rendered devise/shared/_links.html.erb (Duration: 0.6ms | GC: 0.0ms)
  Rendered devise/sessions/new.html.erb within layouts/devise (Duration: 3.7ms | GC: 0.0ms)
  Rendered layout layouts/devise.html.erb (Duration: 4.7ms | GC: 0.0ms)
Completed 200 OK in 8ms (Views: 5.3ms | ActiveRecord: 0.0ms (0 queries, 0 cached) | GC: 0.0ms)


Started GET "/" for 127.0.0.1 at 2026-02-04 16:07:12 -0300
Processing by PagesController#home as HTML
  Rendering layout layouts/application.html.erb
  Rendering pages/home.html.erb within layouts/application
  Rendered pages/home.html.erb within layouts/application (Duration: 0.5ms | GC: 0.0ms)
  Rendered shared/_flash.html.erb (Duration: 0.2ms | GC: 0.0ms)
  Rendered shared/_navbar.html.erb (Duration: 1.2ms | GC: 0.3ms)
  Rendered layout layouts/application.html.erb (Duration: 4.4ms | GC: 0.3ms)
Completed 200 OK in 8ms (Views: 6.8ms | ActiveRecord: 0.0ms (0 queries, 0 cached) | GC: 0.3ms)


Started GET "/users/sign_in" for 127.0.0.1 at 2026-02-04 16:12:06 -0300
Processing by Devise::SessionsController#new as HTML
  Rendering layout layouts/devise.html.erb
  Rendering devise/sessions/new.html.erb within layouts/devise
  Rendered devise/shared/_links.html.erb (Duration: 0.9ms | GC: 0.0ms)
  Rendered devise/sessions/new.html.erb within layouts/devise (Duration: 3.4ms | GC: 0.2ms)
  Rendered layout layouts/devise.html.erb (Duration: 4.2ms | GC: 0.2ms)
Completed 200 OK in 13ms (Views: 6.4ms | ActiveRecord: 0.0ms (0 queries, 0 cached) | GC: 0.4ms)


Started GET "/users/sign_in" for 127.0.0.1 at 2026-02-04 16:15:36 -0300
  [1m[36mActiveRecord::SchemaMigration Load (1.8ms)[0m  [1m[34mSELECT "schema_migrations"."version" FROM "schema_migrations" ORDER BY "schema_migrations"."version" ASC /*application='RailsGuide'*/[0m
Processing by Devise::SessionsController#new as HTML
  Rendering layout layouts/devise.html.erb
  Rendering devise/sessions/new.html.erb within layouts/devise
  Rendered devise/shared/_links.html.erb (Duration: 0.5ms | GC: 0.0ms)
  Rendered devise/sessions/new.html.erb within layouts/devise (Duration: 4.3ms | GC: 0.2ms)
  Rendered layout layouts/devise.html.erb (Duration: 18.2ms | GC: 0.7ms)
Completed 200 OK in 68ms (Views: 25.1ms | ActiveRecord: 11.3ms (0 queries, 0 cached) | GC: 2.7ms)


Started GET "/users/sign_in" for 127.0.0.1 at 2026-02-04 16:15:41 -0300
Processing by Devise::SessionsController#new as HTML
  Rendering layout layouts/devise.html.erb
  Rendering devise/sessions/new.html.erb within layouts/devise
  Rendered devise/shared/_links.html.erb (Duration: 0.1ms | GC: 0.0ms)
  Rendered devise/sessions/new.html.erb within layouts/devise (Duration: 1.1ms | GC: 0.0ms)
  Rendered layout layouts/devise.html.erb (Duration: 1.6ms | GC: 0.0ms)
Completed 200 OK in 3ms (Views: 2.0ms | ActiveRecord: 0.0ms (0 queries, 0 cached) | GC: 0.0ms)


Started GET "/users/sign_in" for 127.0.0.1 at 2026-02-04 16:16:36 -0300
Processing by Devise::SessionsController#new as HTML
  Rendering layout layouts/devise.html.erb
  Rendering devise/sessions/new.html.erb within layouts/devise
  Rendered devise/shared/_links.html.erb (Duration: 0.8ms | GC: 0.0ms)
  Rendered devise/sessions/new.html.erb within layouts/devise (Duration: 2.9ms | GC: 0.0ms)
  Rendered layout layouts/devise.html.erb (Duration: 3.7ms | GC: 0.0ms)
Completed 200 OK in 12ms (Views: 5.2ms | ActiveRecord: 2.1ms (0 queries, 0 cached) | GC: 0.0ms)


Started GET "/users/sign_in" for 127.0.0.1 at 2026-02-04 16:17:37 -0300
Processing by Devise::SessionsController#new as HTML
  Rendering layout layouts/devise.html.erb
  Rendering devise/sessions/new.html.erb within layouts/devise
  Rendered devise/shared/_links.html.erb (Duration: 0.3ms | GC: 0.0ms)
  Rendered devise/sessions/new.html.erb within layouts/devise (Duration: 1.8ms | GC: 0.0ms)
  Rendered layout layouts/devise.html.erb (Duration: 2.5ms | GC: 0.0ms)
Completed 200 OK in 5ms (Views: 3.1ms | ActiveRecord: 0.0ms (0 queries, 0 cached) | GC: 0.0ms)


Started GET "/users/sign_in" for 127.0.0.1 at 2026-02-04 16:17:38 -0300
Processing by Devise::SessionsController#new as HTML
  Rendering layout layouts/devise.html.erb
  Rendering devise/sessions/new.html.erb within layouts/devise
  Rendered devise/shared/_links.html.erb (Duration: 0.1ms | GC: 0.0ms)
  Rendered devise/sessions/new.html.erb within layouts/devise (Duration: 1.0ms | GC: 0.0ms)
  Rendered layout layouts/devise.html.erb (Duration: 1.3ms | GC: 0.0ms)
Completed 200 OK in 3ms (Views: 1.6ms | ActiveRecord: 0.0ms (0 queries, 0 cached) | GC: 0.0ms)


Started GET "/users/sign_in" for 127.0.0.1 at 2026-02-04 16:25:03 -0300
  [1m[36mActiveRecord::SchemaMigration Load (0.6ms)[0m  [1m[34mSELECT "schema_migrations"."version" FROM "schema_migrations" ORDER BY "schema_migrations"."version" ASC /*application='RailsGuide'*/[0m
Processing by Devise::SessionsController#new as HTML
  Rendering layout layouts/devise.html.erb
  Rendering devise/sessions/new.html.erb within layouts/devise
  Rendered devise/shared/_links.html.erb (Duration: 0.5ms | GC: 0.0ms)
  Rendered devise/sessions/new.html.erb within layouts/devise (Duration: 5.9ms | GC: 0.0ms)
  Rendered layout layouts/devise.html.erb (Duration: 11.6ms | GC: 0.0ms)
Completed 500 Internal Server Error in 65ms (ActiveRecord: 5.5ms (0 queries, 0 cached) | GC: 1.0ms)


  
ActionView::Template::Error (The asset 'application.js' was not found in the load path.)
Caused by: Propshaft::MissingAssetError (The asset 'application.js' was not found in the load path.)

Information for: ActionView::Template::Error (The asset 'application.js' was not found in the load path.):
    21:     <%# Includes all stylesheet files in app/assets/stylesheets %>
    22:     <%= stylesheet_link_tag :app, "data-turbo-track": "reload" %>
    23:     <%= javascript_include_tag "application", "data-turbo-track": "reload", type: "module" %>
    24:   </head>
    25: 
    26:   <body>
    27:     <div class="vh-100">
  
app/views/layouts/devise.html.erb:24

Information for cause: Propshaft::MissingAssetError (The asset 'application.js' was not found in the load path.):
  
app/views/layouts/devise.html.erb:24
Started GET "/favicon.ico" for 127.0.0.1 at 2026-02-04 16:25:04 -0300
  
ActionController::RoutingError (No route matches [GET] "/favicon.ico"):
  
Started GET "/users/sign_in" for 127.0.0.1 at 2026-02-04 16:26:52 -0300
Processing by Devise::SessionsController#new as HTML
  Rendering layout layouts/devise.html.erb
  Rendering devise/sessions/new.html.erb within layouts/devise
  Rendered devise/shared/_links.html.erb (Duration: 0.8ms | GC: 0.3ms)
  Rendered devise/sessions/new.html.erb within layouts/devise (Duration: 3.1ms | GC: 0.3ms)
  Rendered layout layouts/devise.html.erb (Duration: 3.9ms | GC: 0.3ms)
Completed 200 OK in 15ms (Views: 5.5ms | ActiveRecord: 3.0ms (0 queries, 0 cached) | GC: 1.3ms)


Started GET "/users/sign_in" for 127.0.0.1 at 2026-02-04 16:26:57 -0300
Processing by Devise::SessionsController#new as HTML
  Rendering layout layouts/devise.html.erb
  Rendering devise/sessions/new.html.erb within layouts/devise
  Rendered devise/shared/_links.html.erb (Duration: 0.7ms | GC: 0.1ms)
  Rendered devise/sessions/new.html.erb within layouts/devise (Duration: 2.5ms | GC: 0.1ms)
  Rendered layout layouts/devise.html.erb (Duration: 3.3ms | GC: 0.1ms)
Completed 500 Internal Server Error in 12ms (ActiveRecord: 2.3ms (0 queries, 0 cached) | GC: 0.5ms)


  
ActionView::Template::Error (The asset 'application.js' was not found in the load path.)
Caused by: Propshaft::MissingAssetError (The asset 'application.js' was not found in the load path.)

Information for: ActionView::Template::Error (The asset 'application.js' was not found in the load path.):
    21:     <%# Includes all stylesheet files in app/assets/stylesheets %>
    22:     <%= stylesheet_link_tag :app, "data-turbo-track": "reload" %>
    23:     <%= javascript_include_tag "application", "data-turbo-track": "reload", type: "module" %>
    24:   </head>
    25: 
    26:   <body>
    27:     <div class="vh-100">
  
app/views/layouts/devise.html.erb:24

Information for cause: Propshaft::MissingAssetError (The asset 'application.js' was not found in the load path.):
  
app/views/layouts/devise.html.erb:24
Started GET "/users/sign_in" for 127.0.0.1 at 2026-02-04 16:28:51 -0300
  [1m[36mActiveRecord::SchemaMigration Load (0.8ms)[0m  [1m[34mSELECT "schema_migrations"."version" FROM "schema_migrations" ORDER BY "schema_migrations"."version" ASC /*application='RailsGuide'*/[0m
Processing by Devise::SessionsController#new as HTML
  Rendering layout layouts/devise.html.erb
  Rendering devise/sessions/new.html.erb within layouts/devise
  Rendered devise/shared/_links.html.erb (Duration: 0.4ms | GC: 0.0ms)
  Rendered devise/sessions/new.html.erb within layouts/devise (Duration: 3.7ms | GC: 0.0ms)
  Rendered layout layouts/devise.html.erb (Duration: 7.2ms | GC: 0.0ms)
Completed 500 Internal Server Error in 43ms (ActiveRecord: 4.3ms (0 queries, 0 cached) | GC: 1.1ms)


  
ActionView::Template::Error (The asset 'application.js' was not found in the load path.)
Caused by: Propshaft::MissingAssetError (The asset 'application.js' was not found in the load path.)

Information for: ActionView::Template::Error (The asset 'application.js' was not found in the load path.):
    21:     <%# Includes all stylesheet files in app/assets/stylesheets %>
    22:     <%= stylesheet_link_tag :app, "data-turbo-track": "reload" %>
    23:     <%= javascript_include_tag "application", "data-turbo-track": "reload", type: "module" %>
    24:   </head>
    25: 
    26:   <body>
    27:     <div class="vh-100">
  
app/views/layouts/devise.html.erb:24

Information for cause: Propshaft::MissingAssetError (The asset 'application.js' was not found in the load path.):
  
app/views/layouts/devise.html.erb:24
Started GET "/favicon.ico" for 127.0.0.1 at 2026-02-04 16:28:51 -0300
  
ActionController::RoutingError (No route matches [GET] "/favicon.ico"):
  
Started GET "/users/sign_in" for 127.0.0.1 at 2026-02-04 16:32:59 -0300
  [1m[36mActiveRecord::SchemaMigration Load (0.6ms)[0m  [1m[34mSELECT "schema_migrations"."version" FROM "schema_migrations" ORDER BY "schema_migrations"."version" ASC /*application='RailsGuide'*/[0m
Processing by Devise::SessionsController#new as HTML
  Rendering layout layouts/devise.html.erb
  Rendering devise/sessions/new.html.erb within layouts/devise
  Rendered devise/shared/_links.html.erb (Duration: 1.0ms | GC: 0.0ms)
  Rendered devise/sessions/new.html.erb within layouts/devise (Duration: 6.2ms | GC: 0.0ms)
  Rendered layout layouts/devise.html.erb (Duration: 11.4ms | GC: 0.0ms)
Completed 500 Internal Server Error in 56ms (ActiveRecord: 9.6ms (0 queries, 0 cached) | GC: 1.2ms)


  
ActionView::Template::Error (undefined local variable or method `javascript_importmap_tags' for #<ActionView::Base:0x00000000010068>)
Caused by: NameError (undefined local variable or method `javascript_importmap_tags' for #<ActionView::Base:0x00000000010068>)

Information for: ActionView::Template::Error (undefined local variable or method `javascript_importmap_tags' for #<ActionView::Base:0x00000000010068>):
    21:     <%# Includes all stylesheet files in app/assets/stylesheets %>
    22:     <%= stylesheet_link_tag :app, "data-turbo-track": "reload" %>
    23:     <%= javascript_importmap_tags %>
    24:   </head>
    25: 
    26:   <body>
    27:     <div class="vh-100">
  
app/views/layouts/devise.html.erb:24

Information for cause: NameError (undefined local variable or method `javascript_importmap_tags' for #<ActionView::Base:0x00000000010068>):
  
app/views/layouts/devise.html.erb:24
Started GET "/favicon.ico" for 127.0.0.1 at 2026-02-04 16:32:59 -0300
  
ActionController::RoutingError (No route matches [GET] "/favicon.ico"):
  
Started GET "/users/sign_in" for 127.0.0.1 at 2026-02-04 16:37:11 -0300
Processing by Devise::SessionsController#new as HTML
  Rendering layout layouts/devise.html.erb
  Rendering devise/sessions/new.html.erb within layouts/devise
  Rendered devise/shared/_links.html.erb (Duration: 0.5ms | GC: 0.0ms)
  Rendered devise/sessions/new.html.erb within layouts/devise (Duration: 1.8ms | GC: 0.0ms)
  Rendered layout layouts/devise.html.erb (Duration: 2.7ms | GC: 0.0ms)
Completed 500 Internal Server Error in 12ms (ActiveRecord: 2.4ms (0 queries, 0 cached) | GC: 0.0ms)


  
ActionView::Template::Error (undefined local variable or method `javascript_importmap_tags' for #<ActionView::Base:0x000000000148c0>)
Caused by: NameError (undefined local variable or method `javascript_importmap_tags' for #<ActionView::Base:0x000000000148c0>)

Information for: ActionView::Template::Error (undefined local variable or method `javascript_importmap_tags' for #<ActionView::Base:0x000000000148c0>):
    21:     <%# Includes all stylesheet files in app/assets/stylesheets %>
    22:     <%= stylesheet_link_tag :app, "data-turbo-track": "reload" %>
    23: <%= javascript_importmap_tags %> 
    24:  </head>
    25: 
    26:   <body>
    27:     <div class="vh-100">
  
app/views/layouts/devise.html.erb:24

Information for cause: NameError (undefined local variable or method `javascript_importmap_tags' for #<ActionView::Base:0x000000000148c0>):
  
app/views/layouts/devise.html.erb:24
Started GET "/favicon.ico" for 127.0.0.1 at 2026-02-04 16:37:12 -0300
  
ActionController::RoutingError (No route matches [GET] "/favicon.ico"):
  
Started GET "/users/sign_in" for 127.0.0.1 at 2026-02-04 16:41:12 -0300
  [1m[36mActiveRecord::SchemaMigration Load (0.7ms)[0m  [1m[34mSELECT "schema_migrations"."version" FROM "schema_migrations" ORDER BY "schema_migrations"."version" ASC /*application='RailsGuide'*/[0m
Processing by Devise::SessionsController#new as HTML
  Rendering layout layouts/devise.html.erb
  Rendering devise/sessions/new.html.erb within layouts/devise
  Rendered devise/shared/_links.html.erb (Duration: 0.5ms | GC: 0.0ms)
  Rendered devise/sessions/new.html.erb within layouts/devise (Duration: 3.9ms | GC: 0.0ms)
  Rendered layout layouts/devise.html.erb (Duration: 7.0ms | GC: 0.0ms)
Completed 500 Internal Server Error in 47ms (ActiveRecord: 6.2ms (0 queries, 0 cached) | GC: 0.9ms)


  
ActionView::Template::Error (undefined local variable or method `javascript_importmap_tags' for #<ActionView::Base:0x00000000010068>)
Caused by: NameError (undefined local variable or method `javascript_importmap_tags' for #<ActionView::Base:0x00000000010068>)

Information for: ActionView::Template::Error (undefined local variable or method `javascript_importmap_tags' for #<ActionView::Base:0x00000000010068>):
    21:     <%# Includes all stylesheet files in app/assets/stylesheets %>
    22:     <%= stylesheet_link_tag :app, "data-turbo-track": "reload" %>
    23: <%= javascript_importmap_tags %> 
    24:  </head>
    25: 
    26:   <body>
    27:     <div class="vh-100">
  
app/views/layouts/devise.html.erb:24

Information for cause: NameError (undefined local variable or method `javascript_importmap_tags' for #<ActionView::Base:0x00000000010068>):
  
app/views/layouts/devise.html.erb:24
Started GET "/favicon.ico" for 127.0.0.1 at 2026-02-04 16:41:12 -0300
  
ActionController::RoutingError (No route matches [GET] "/favicon.ico"):
  
Started GET "/users/sign_in" for 127.0.0.1 at 2026-02-04 16:41:40 -0300
Processing by Devise::SessionsController#new as HTML
  Rendering layout layouts/devise.html.erb
  Rendering devise/sessions/new.html.erb within layouts/devise
  Rendered devise/shared/_links.html.erb (Duration: 0.7ms | GC: 0.0ms)
  Rendered devise/sessions/new.html.erb within layouts/devise (Duration: 2.3ms | GC: 0.0ms)
  Rendered layout layouts/devise.html.erb (Duration: 3.4ms | GC: 0.0ms)
Completed 500 Internal Server Error in 13ms (ActiveRecord: 2.1ms (0 queries, 0 cached) | GC: 0.0ms)


  
ActionView::Template::Error (The asset 'application.js' was not found in the load path.)
Caused by: Propshaft::MissingAssetError (The asset 'application.js' was not found in the load path.)

Information for: ActionView::Template::Error (The asset 'application.js' was not found in the load path.):
    21:     <%# Includes all stylesheet files in app/assets/stylesheets %>
    22:     <%= stylesheet_link_tag :app, "data-turbo-track": "reload" %>
    23:     <%= javascript_include_tag "application", "data-turbo-track": "reload", defer: true %>
    24:  </head>
    25: 
    26:   <body>
    27:     <div class="vh-100">
  
app/views/layouts/devise.html.erb:24

Information for cause: Propshaft::MissingAssetError (The asset 'application.js' was not found in the load path.):
  
app/views/layouts/devise.html.erb:24
Started GET "/favicon.ico" for 127.0.0.1 at 2026-02-04 16:41:41 -0300
  
ActionController::RoutingError (No route matches [GET] "/favicon.ico"):
  
Started GET "/users/sign_in" for 127.0.0.1 at 2026-02-04 16:42:04 -0300
  [1m[36mActiveRecord::SchemaMigration Load (0.7ms)[0m  [1m[34mSELECT "schema_migrations"."version" FROM "schema_migrations" ORDER BY "schema_migrations"."version" ASC /*application='RailsGuide'*/[0m
Processing by Devise::SessionsController#new as HTML
  Rendering layout layouts/devise.html.erb
  Rendering devise/sessions/new.html.erb within layouts/devise
  Rendered devise/shared/_links.html.erb (Duration: 0.4ms | GC: 0.0ms)
  Rendered devise/sessions/new.html.erb within layouts/devise (Duration: 3.9ms | GC: 0.2ms)
  Rendered layout layouts/devise.html.erb (Duration: 7.5ms | GC: 0.6ms)
Completed 500 Internal Server Error in 55ms (ActiveRecord: 8.2ms (0 queries, 0 cached) | GC: 1.8ms)


  
ActionView::Template::Error (The asset 'application.js' was not found in the load path.)
Caused by: Propshaft::MissingAssetError (The asset 'application.js' was not found in the load path.)

Information for: ActionView::Template::Error (The asset 'application.js' was not found in the load path.):
    21:     <%# Includes all stylesheet files in app/assets/stylesheets %>
    22:     <%= stylesheet_link_tag :app, "data-turbo-track": "reload" %>
    23:     <%= javascript_include_tag "application", "data-turbo-track": "reload", defer: true %>
    24:  </head>
    25: 
    26:   <body>
    27:     <div class="vh-100">
  
app/views/layouts/devise.html.erb:24

Information for cause: Propshaft::MissingAssetError (The asset 'application.js' was not found in the load path.):
  
app/views/layouts/devise.html.erb:24
Started GET "/favicon.ico" for 127.0.0.1 at 2026-02-04 16:42:04 -0300
  
ActionController::RoutingError (No route matches [GET] "/favicon.ico"):
  
Started GET "/users/sign_in" for 127.0.0.1 at 2026-02-04 16:43:13 -0300
Processing by Devise::SessionsController#new as HTML
  Rendering layout layouts/devise.html.erb
  Rendering devise/sessions/new.html.erb within layouts/devise
  Rendered devise/shared/_links.html.erb (Duration: 0.8ms | GC: 0.0ms)
  Rendered devise/sessions/new.html.erb within layouts/devise (Duration: 3.3ms | GC: 0.5ms)
  Rendered layout layouts/devise.html.erb (Duration: 4.4ms | GC: 0.5ms)
Completed 500 Internal Server Error in 16ms (ActiveRecord: 1.5ms (0 queries, 0 cached) | GC: 4.1ms)


  
ActionView::Template::Error (The asset 'application.css' was not found in the load path.)
Caused by: Propshaft::MissingAssetError (The asset 'application.css' was not found in the load path.)

Information for: ActionView::Template::Error (The asset 'application.css' was not found in the load path.):
    21:     <%# Includes all stylesheet files in app/assets/stylesheets %>
    22:     <%= stylesheet_link_tag :app, "data-turbo-track": "reload" %>
    23:     <%= stylesheet_link_tag "application", "data-turbo-track": "reload" %>
    24:  </head>
    25: 
    26:   <body>
    27:     <div class="vh-100">
  
app/views/layouts/devise.html.erb:24

Information for cause: Propshaft::MissingAssetError (The asset 'application.css' was not found in the load path.):
  
app/views/layouts/devise.html.erb:24
Started GET "/favicon.ico" for 127.0.0.1 at 2026-02-04 16:43:13 -0300
  
ActionController::RoutingError (No route matches [GET] "/favicon.ico"):
  
Started GET "/users/sign_in" for 127.0.0.1 at 2026-02-04 16:43:14 -0300
Processing by Devise::SessionsController#new as HTML
  Rendering layout layouts/devise.html.erb
  Rendering devise/sessions/new.html.erb within layouts/devise
  Rendered devise/shared/_links.html.erb (Duration: 0.2ms | GC: 0.0ms)
  Rendered devise/sessions/new.html.erb within layouts/devise (Duration: 1.7ms | GC: 0.2ms)
  Rendered layout layouts/devise.html.erb (Duration: 2.4ms | GC: 0.2ms)
Completed 500 Internal Server Error in 5ms (ActiveRecord: 0.0ms (0 queries, 0 cached) | GC: 0.2ms)


  
ActionView::Template::Error (The asset 'application.css' was not found in the load path.)
Caused by: Propshaft::MissingAssetError (The asset 'application.css' was not found in the load path.)

Information for: ActionView::Template::Error (The asset 'application.css' was not found in the load path.):
    21:     <%# Includes all stylesheet files in app/assets/stylesheets %>
    22:     <%= stylesheet_link_tag :app, "data-turbo-track": "reload" %>
    23:     <%= stylesheet_link_tag "application", "data-turbo-track": "reload" %>
    24:  </head>
    25: 
    26:   <body>
    27:     <div class="vh-100">
  
app/views/layouts/devise.html.erb:24

Information for cause: Propshaft::MissingAssetError (The asset 'application.css' was not found in the load path.):
  
app/views/layouts/devise.html.erb:24
Started GET "/users/sign_in" for 127.0.0.1 at 2026-02-04 16:43:16 -0300
Processing by Devise::SessionsController#new as HTML
  Rendering layout layouts/devise.html.erb
  Rendering devise/sessions/new.html.erb within layouts/devise
  Rendered devise/shared/_links.html.erb (Duration: 0.1ms | GC: 0.0ms)
  Rendered devise/sessions/new.html.erb within layouts/devise (Duration: 1.0ms | GC: 0.0ms)
  Rendered layout layouts/devise.html.erb (Duration: 1.5ms | GC: 0.0ms)
Completed 500 Internal Server Error in 3ms (ActiveRecord: 0.0ms (0 queries, 0 cached) | GC: 0.0ms)


  
ActionView::Template::Error (The asset 'application.css' was not found in the load path.)
Caused by: Propshaft::MissingAssetError (The asset 'application.css' was not found in the load path.)

Information for: ActionView::Template::Error (The asset 'application.css' was not found in the load path.):
    21:     <%# Includes all stylesheet files in app/assets/stylesheets %>
    22:     <%= stylesheet_link_tag :app, "data-turbo-track": "reload" %>
    23:     <%= stylesheet_link_tag "application", "data-turbo-track": "reload" %>
    24:  </head>
    25: 
    26:   <body>
    27:     <div class="vh-100">
  
app/views/layouts/devise.html.erb:24

Information for cause: Propshaft::MissingAssetError (The asset 'application.css' was not found in the load path.):
  
app/views/layouts/devise.html.erb:24
Started GET "/users/sign_in" for 127.0.0.1 at 2026-02-04 16:51:06 -0300
  [1m[36mActiveRecord::SchemaMigration Load (0.5ms)[0m  [1m[34mSELECT "schema_migrations"."version" FROM "schema_migrations" ORDER BY "schema_migrations"."version" ASC /*application='RailsGuide'*/[0m
Processing by Devise::SessionsController#new as HTML
  Rendering layout layouts/devise.html.erb
  Rendering devise/sessions/new.html.erb within layouts/devise
  Rendered devise/shared/_links.html.erb (Duration: 0.5ms | GC: 0.0ms)
  Rendered devise/sessions/new.html.erb within layouts/devise (Duration: 4.0ms | GC: 0.0ms)
  Rendered layout layouts/devise.html.erb (Duration: 8.3ms | GC: 0.0ms)
Completed 500 Internal Server Error in 53ms (ActiveRecord: 6.4ms (0 queries, 0 cached) | GC: 0.9ms)


  
ActionView::Template::Error (The asset 'application.css' was not found in the load path.)
Caused by: Propshaft::MissingAssetError (The asset 'application.css' was not found in the load path.)

Information for: ActionView::Template::Error (The asset 'application.css' was not found in the load path.):
    21:     <%# Includes all stylesheet files in app/assets/stylesheets %>
    22:     <%= stylesheet_link_tag :app, "data-turbo-track": "reload" %>
    23:     <%= stylesheet_link_tag "application", "data-turbo-track": "reload" %>
    24:  </head>
    25: 
    26:   <body>
    27:     <div class="vh-100">
  
app/views/layouts/devise.html.erb:24

Information for cause: Propshaft::MissingAssetError (The asset 'application.css' was not found in the load path.):
  
app/views/layouts/devise.html.erb:24
Started GET "/favicon.ico" for 127.0.0.1 at 2026-02-04 16:51:06 -0300
  
ActionController::RoutingError (No route matches [GET] "/favicon.ico"):
  
Started GET "/users/sign_in" for 127.0.0.1 at 2026-02-04 16:55:22 -0300
  [1m[36mActiveRecord::SchemaMigration Load (0.6ms)[0m  [1m[34mSELECT "schema_migrations"."version" FROM "schema_migrations" ORDER BY "schema_migrations"."version" ASC /*application='RailsGuide'*/[0m
Processing by Devise::SessionsController#new as HTML
  Rendering layout layouts/devise.html.erb
  Rendering devise/sessions/new.html.erb within layouts/devise
  Rendered devise/shared/_links.html.erb (Duration: 0.7ms | GC: 0.0ms)
  Rendered devise/sessions/new.html.erb within layouts/devise (Duration: 4.2ms | GC: 0.0ms)
  Rendered layout layouts/devise.html.erb (Duration: 9.1ms | GC: 0.0ms)
Completed 500 Internal Server Error in 58ms (ActiveRecord: 6.6ms (0 queries, 0 cached) | GC: 1.2ms)


  
ActionView::Template::Error (The asset 'application.css' was not found in the load path.)
Caused by: Propshaft::MissingAssetError (The asset 'application.css' was not found in the load path.)

Information for: ActionView::Template::Error (The asset 'application.css' was not found in the load path.):
    21:     <%# Includes all stylesheet files in app/assets/stylesheets %>
    22:     <%= stylesheet_link_tag :app, "data-turbo-track": "reload" %>
    23:     <%= stylesheet_link_tag "application", "data-turbo-track": "reload" %>
    24:  </head>
    25: 
    26:   <body>
    27:     <div class="vh-100">
  
app/views/layouts/devise.html.erb:24

Information for cause: Propshaft::MissingAssetError (The asset 'application.css' was not found in the load path.):
  
app/views/layouts/devise.html.erb:24
Started GET "/favicon.ico" for 127.0.0.1 at 2026-02-04 16:55:23 -0300
  
ActionController::RoutingError (No route matches [GET] "/favicon.ico"):
  
Started GET "/users/sign_in" for 127.0.0.1 at 2026-02-04 16:56:07 -0300
Processing by Devise::SessionsController#new as HTML
  Rendering layout layouts/devise.html.erb
  Rendering devise/sessions/new.html.erb within layouts/devise
  Rendered devise/shared/_links.html.erb (Duration: 0.2ms | GC: 0.0ms)
  Rendered devise/sessions/new.html.erb within layouts/devise (Duration: 2.0ms | GC: 0.0ms)
  Rendered layout layouts/devise.html.erb (Duration: 3.4ms | GC: 0.0ms)
Completed 500 Internal Server Error in 6ms (ActiveRecord: 0.0ms (0 queries, 0 cached) | GC: 0.0ms)


  
ActionView::Template::Error (The asset 'application.css' was not found in the load path.)
Caused by: Propshaft::MissingAssetError (The asset 'application.css' was not found in the load path.)

Information for: ActionView::Template::Error (The asset 'application.css' was not found in the load path.):
    21:     <%# Includes all stylesheet files in app/assets/stylesheets %>
    22:     <%= stylesheet_link_tag :app, "data-turbo-track": "reload" %>
    23:     <%= stylesheet_link_tag "application", "data-turbo-track": "reload" %>
    24:  </head>
    25: 
    26:   <body>
    27:     <div class="vh-100">
  
app/views/layouts/devise.html.erb:24

Information for cause: Propshaft::MissingAssetError (The asset 'application.css' was not found in the load path.):
  
app/views/layouts/devise.html.erb:24
  [1m[36mActiveRecord::SchemaMigration Load (0.8ms)[0m  [1m[34mSELECT "schema_migrations"."version" FROM "schema_migrations" ORDER BY "schema_migrations"."version" ASC /*application='RailsGuide'*/[0m
Started GET "/users/sign_in" for 127.0.0.1 at 2026-02-04 16:59:22 -0300
  [1m[36mActiveRecord::SchemaMigration Load (0.7ms)[0m  [1m[34mSELECT "schema_migrations"."version" FROM "schema_migrations" ORDER BY "schema_migrations"."version" ASC /*application='RailsGuide'*/[0m
Processing by Devise::SessionsController#new as HTML
  Rendering layout layouts/devise.html.erb
  Rendering devise/sessions/new.html.erb within layouts/devise
  Rendered devise/shared/_links.html.erb (Duration: 0.5ms | GC: 0.0ms)
  Rendered devise/sessions/new.html.erb within layouts/devise (Duration: 6.1ms | GC: 0.2ms)
  Rendered layout layouts/devise.html.erb (Duration: 11.2ms | GC: 0.8ms)
Completed 500 Internal Server Error in 68ms (ActiveRecord: 6.9ms (0 queries, 0 cached) | GC: 2.2ms)


  
ActionView::Template::Error (The asset 'application.css' was not found in the load path.)
Caused by: Propshaft::MissingAssetError (The asset 'application.css' was not found in the load path.)

Information for: ActionView::Template::Error (The asset 'application.css' was not found in the load path.):
    21:     <%# Includes all stylesheet files in app/assets/stylesheets %>
    22:     <%= stylesheet_link_tag :app, "data-turbo-track": "reload" %>
    23:     <%= stylesheet_link_tag "application", "data-turbo-track": "reload" %>
    24:  </head>
    25: 
    26:   <body>
    27:     <div class="vh-100">
  
app/views/layouts/devise.html.erb:24

Information for cause: Propshaft::MissingAssetError (The asset 'application.css' was not found in the load path.):
  
app/views/layouts/devise.html.erb:24
Started GET "/favicon.ico" for 127.0.0.1 at 2026-02-04 16:59:23 -0300
  
ActionController::RoutingError (No route matches [GET] "/favicon.ico"):
  
Started GET "/users/sign_in" for 127.0.0.1 at 2026-02-04 17:00:06 -0300
Processing by Devise::SessionsController#new as HTML
  Rendering layout layouts/devise.html.erb
  Rendering devise/sessions/new.html.erb within layouts/devise
  Rendered devise/shared/_links.html.erb (Duration: 0.8ms | GC: 0.0ms)
  Rendered devise/sessions/new.html.erb within layouts/devise (Duration: 3.3ms | GC: 0.6ms)
  Rendered layout layouts/devise.html.erb (Duration: 9.4ms | GC: 0.6ms)
Completed 200 OK in 27ms (Views: 11.2ms | ActiveRecord: 1.8ms (0 queries, 0 cached) | GC: 8.7ms)


Started GET "/users/sign_in" for 127.0.0.1 at 2026-02-04 17:00:10 -0300
Processing by Devise::SessionsController#new as HTML
  Rendering layout layouts/devise.html.erb
  Rendering devise/sessions/new.html.erb within layouts/devise
  Rendered devise/shared/_links.html.erb (Duration: 0.2ms | GC: 0.0ms)
  Rendered devise/sessions/new.html.erb within layouts/devise (Duration: 1.4ms | GC: 0.3ms)
  Rendered layout layouts/devise.html.erb (Duration: 1.8ms | GC: 0.3ms)
Completed 200 OK in 3ms (Views: 2.2ms | ActiveRecord: 0.0ms (0 queries, 0 cached) | GC: 0.3ms)


Started GET "/" for 127.0.0.1 at 2026-02-04 17:00:25 -0300
Processing by PagesController#home as HTML
  Rendering layout layouts/application.html.erb
  Rendering pages/home.html.erb within layouts/application
  Rendered pages/home.html.erb within layouts/application (Duration: 0.2ms | GC: 0.0ms)
  Rendered shared/_flash.html.erb (Duration: 0.3ms | GC: 0.0ms)
  Rendered shared/_navbar.html.erb (Duration: 0.5ms | GC: 0.0ms)
  Rendered layout layouts/application.html.erb (Duration: 3.7ms | GC: 0.3ms)
Completed 200 OK in 7ms (Views: 5.1ms | ActiveRecord: 0.0ms (0 queries, 0 cached) | GC: 0.3ms)


Started GET "/users/sign_in" for 127.0.0.1 at 2026-02-04 17:02:54 -0300
Processing by Devise::SessionsController#new as HTML
  Rendering layout layouts/devise.html.erb
  Rendering devise/sessions/new.html.erb within layouts/devise
  Rendered devise/shared/_links.html.erb (Duration: 0.6ms | GC: 0.0ms)
  Rendered devise/sessions/new.html.erb within layouts/devise (Duration: 2.4ms | GC: 0.2ms)
  Rendered layout layouts/devise.html.erb (Duration: 3.2ms | GC: 0.2ms)
Completed 200 OK in 14ms (Views: 4.8ms | ActiveRecord: 2.6ms (0 queries, 0 cached) | GC: 0.4ms)


Started GET "/" for 127.0.0.1 at 2026-02-04 17:02:59 -0300
Processing by PagesController#home as HTML
  Rendering layout layouts/application.html.erb
  Rendering pages/home.html.erb within layouts/application
  Rendered pages/home.html.erb within layouts/application (Duration: 0.2ms | GC: 0.0ms)
  Rendered shared/_flash.html.erb (Duration: 0.2ms | GC: 0.0ms)
  Rendered shared/_navbar.html.erb (Duration: 0.3ms | GC: 0.0ms)
  Rendered layout layouts/application.html.erb (Duration: 2.0ms | GC: 0.0ms)
Completed 200 OK in 4ms (Views: 2.9ms | ActiveRecord: 0.0ms (0 queries, 0 cached) | GC: 0.2ms)


Started GET "/users/sign_in" for 127.0.0.1 at 2026-02-04 17:03:30 -0300
Processing by Devise::SessionsController#new as HTML
  Rendering layout layouts/devise.html.erb
  Rendering devise/sessions/new.html.erb within layouts/devise
  Rendered devise/shared/_links.html.erb (Duration: 1.1ms | GC: 0.0ms)
  Rendered devise/sessions/new.html.erb within layouts/devise (Duration: 3.9ms | GC: 0.0ms)
  Rendered layout layouts/devise.html.erb (Duration: 5.0ms | GC: 0.0ms)
Completed 200 OK in 16ms (Views: 6.7ms | ActiveRecord: 2.0ms (0 queries, 0 cached) | GC: 0.0ms)


Started GET "/users/sign_in" for 127.0.0.1 at 2026-02-04 17:04:15 -0300
Processing by Devise::SessionsController#new as HTML
  Rendering layout layouts/devise.html.erb
  Rendering devise/sessions/new.html.erb within layouts/devise
  Rendered devise/shared/_links.html.erb (Duration: 0.5ms | GC: 0.0ms)
  Rendered devise/sessions/new.html.erb within layouts/devise (Duration: 1.9ms | GC: 0.0ms)
  Rendered layout layouts/devise.html.erb (Duration: 2.5ms | GC: 0.0ms)
Completed 200 OK in 10ms (Views: 4.0ms | ActiveRecord: 2.1ms (0 queries, 0 cached) | GC: 0.0ms)


Started GET "/users/sign_in" for 127.0.0.1 at 2026-02-04 17:04:16 -0300
Processing by Devise::SessionsController#new as HTML
  Rendering layout layouts/devise.html.erb
  Rendering devise/sessions/new.html.erb within layouts/devise
  Rendered devise/shared/_links.html.erb (Duration: 0.3ms | GC: 0.0ms)
  Rendered devise/sessions/new.html.erb within layouts/devise (Duration: 1.9ms | GC: 0.0ms)
  Rendered layout layouts/devise.html.erb (Duration: 2.7ms | GC: 0.0ms)
Completed 200 OK in 6ms (Views: 3.4ms | ActiveRecord: 0.0ms (0 queries, 0 cached) | GC: 0.0ms)


Started GET "/users/sign_in" for 127.0.0.1 at 2026-02-04 17:05:47 -0300
Processing by Devise::SessionsController#new as HTML
  Rendering layout layouts/devise.html.erb
  Rendering devise/sessions/new.html.erb within layouts/devise
  Rendered devise/shared/_links.html.erb (Duration: 5.4ms | GC: 4.5ms)
  Rendered devise/sessions/new.html.erb within layouts/devise (Duration: 7.4ms | GC: 4.5ms)
  Rendered layout layouts/devise.html.erb (Duration: 8.2ms | GC: 4.5ms)
Completed 500 Internal Server Error in 18ms (ActiveRecord: 2.5ms (0 queries, 0 cached) | GC: 4.5ms)


  
ActionView::Template::Error (The asset 'application.css' was not found in the load path.)
Caused by: Propshaft::MissingAssetError (The asset 'application.css' was not found in the load path.)

Information for: ActionView::Template::Error (The asset 'application.css' was not found in the load path.):
     7:     <%= csp_meta_tag %>
     8: 
     9:     <%= stylesheet_link_tag "application", "data-turbo-track": "reload" %>
    10:     <%= javascript_include_tag "application", "data-turbo-track": "reload", type: "module" %>
    11:   </head>
    12: 
    13:   <body>
  
app/views/layouts/devise.html.erb:10

Information for cause: Propshaft::MissingAssetError (The asset 'application.css' was not found in the load path.):
  
app/views/layouts/devise.html.erb:10
Started GET "/favicon.ico" for 127.0.0.1 at 2026-02-04 17:05:47 -0300
  
ActionController::RoutingError (No route matches [GET] "/favicon.ico"):
  
Started GET "/users/sign_in" for 127.0.0.1 at 2026-02-04 17:05:52 -0300
Processing by Devise::SessionsController#new as HTML
  Rendering layout layouts/devise.html.erb
  Rendering devise/sessions/new.html.erb within layouts/devise
  Rendered devise/shared/_links.html.erb (Duration: 0.6ms | GC: 0.0ms)
  Rendered devise/sessions/new.html.erb within layouts/devise (Duration: 2.7ms | GC: 0.2ms)
  Rendered layout layouts/devise.html.erb (Duration: 3.5ms | GC: 0.2ms)
Completed 200 OK in 13ms (Views: 5.1ms | ActiveRecord: 1.9ms (0 queries, 0 cached) | GC: 0.4ms)


Started GET "/" for 127.0.0.1 at 2026-02-04 17:05:56 -0300
Processing by PagesController#home as HTML
  Rendering layout layouts/application.html.erb
  Rendering pages/home.html.erb within layouts/application
  Rendered pages/home.html.erb within layouts/application (Duration: 0.2ms | GC: 0.0ms)
  Rendered shared/_flash.html.erb (Duration: 0.3ms | GC: 0.0ms)
  Rendered shared/_navbar.html.erb (Duration: 0.4ms | GC: 0.0ms)
  Rendered layout layouts/application.html.erb (Duration: 2.9ms | GC: 0.0ms)
Completed 200 OK in 6ms (Views: 4.6ms | ActiveRecord: 0.0ms (0 queries, 0 cached) | GC: 0.2ms)


Started GET "/users/sign_in" for 127.0.0.1 at 2026-02-04 17:06:01 -0300
Processing by Devise::SessionsController#new as HTML
  Rendering layout layouts/devise.html.erb
  Rendering devise/sessions/new.html.erb within layouts/devise
  Rendered devise/shared/_links.html.erb (Duration: 0.5ms | GC: 0.0ms)
  Rendered devise/sessions/new.html.erb within layouts/devise (Duration: 2.6ms | GC: 0.4ms)
  Rendered layout layouts/devise.html.erb (Duration: 3.9ms | GC: 0.4ms)
Completed 500 Internal Server Error in 16ms (ActiveRecord: 2.4ms (0 queries, 0 cached) | GC: 3.3ms)


  
ActionView::Template::Error (The asset 'application.css' was not found in the load path.)
Caused by: Propshaft::MissingAssetError (The asset 'application.css' was not found in the load path.)

Information for: ActionView::Template::Error (The asset 'application.css' was not found in the load path.):
     7:     <%= csp_meta_tag %>
     8: 
     9:     <%= stylesheet_link_tag "application", "data-turbo-track": "reload" %>
    10:     <%= javascript_include_tag "application", "data-turbo-track": "reload", type: "module" %>
    11:   </head>
    12: 
    13:   <body>
  
app/views/layouts/devise.html.erb:10

Information for cause: Propshaft::MissingAssetError (The asset 'application.css' was not found in the load path.):
  
app/views/layouts/devise.html.erb:10
Started GET "/users/sign_in" for 127.0.0.1 at 2026-02-04 17:06:09 -0300
Processing by Devise::SessionsController#new as HTML
  Rendering layout layouts/devise.html.erb
  Rendering devise/sessions/new.html.erb within layouts/devise
  Rendered devise/shared/_links.html.erb (Duration: 0.7ms | GC: 0.0ms)
  Rendered devise/sessions/new.html.erb within layouts/devise (Duration: 2.5ms | GC: 0.1ms)
  Rendered layout layouts/devise.html.erb (Duration: 3.4ms | GC: 0.1ms)
Completed 200 OK in 12ms (Views: 4.8ms | ActiveRecord: 2.0ms (0 queries, 0 cached) | GC: 0.3ms)


Started GET "/users/sign_in" for 127.0.0.1 at 2026-02-04 17:06:40 -0300
Processing by Devise::SessionsController#new as HTML
  Rendering layout layouts/devise.html.erb
  Rendering devise/sessions/new.html.erb within layouts/devise
  Rendered devise/shared/_links.html.erb (Duration: 0.5ms | GC: 0.0ms)
  Rendered devise/sessions/new.html.erb within layouts/devise (Duration: 2.3ms | GC: 0.0ms)
  Rendered layout layouts/devise.html.erb (Duration: 3.2ms | GC: 0.0ms)
Completed 500 Internal Server Error in 13ms (ActiveRecord: 2.1ms (0 queries, 0 cached) | GC: 0.3ms)


  
ActionView::Template::Error (The asset 'application.css' was not found in the load path.)
Caused by: Propshaft::MissingAssetError (The asset 'application.css' was not found in the load path.)

Information for: ActionView::Template::Error (The asset 'application.css' was not found in the load path.):
    24:   href="https://cdn.jsdelivr.net/npm/bootstrap-icons@1.11.1/font/bootstrap-icons.css">
    25: 
    26:     <%= stylesheet_link_tag "application", "data-turbo-track": "reload" %>
    27:     <%= javascript_include_tag "application", "data-turbo-track": "reload", type: "module" %>
    28:   </head>
    29: 
    30:   <body>
  
app/views/layouts/devise.html.erb:27

Information for cause: Propshaft::MissingAssetError (The asset 'application.css' was not found in the load path.):
  
app/views/layouts/devise.html.erb:27
Started GET "/users/sign_in" for 127.0.0.1 at 2026-02-04 17:07:13 -0300
Processing by Devise::SessionsController#new as HTML
  Rendering layout layouts/devise.html.erb
  Rendering devise/sessions/new.html.erb within layouts/devise
  Rendered devise/shared/_links.html.erb (Duration: 0.7ms | GC: 0.0ms)
  Rendered devise/sessions/new.html.erb within layouts/devise (Duration: 2.9ms | GC: 0.0ms)
  Rendered layout layouts/devise.html.erb (Duration: 3.9ms | GC: 0.0ms)
Completed 500 Internal Server Error in 11ms (ActiveRecord: 1.7ms (0 queries, 0 cached) | GC: 0.0ms)


  
ActionView::Template::Error (The asset 'application.css' was not found in the load path.)
Caused by: Propshaft::MissingAssetError (The asset 'application.css' was not found in the load path.)

Information for: ActionView::Template::Error (The asset 'application.css' was not found in the load path.):
    24:   href="https://cdn.jsdelivr.net/npm/bootstrap-icons@1.11.1/font/bootstrap-icons.css">
    25: 
    26:     <%= stylesheet_link_tag :application, "data-turbo-track": "reload" %>
    27:     <%= javascript_include_tag "application", "data-turbo-track": "reload", type: "module" %>
    28:   </head>
    29: 
    30:   <body>
  
app/views/layouts/devise.html.erb:27

Information for cause: Propshaft::MissingAssetError (The asset 'application.css' was not found in the load path.):
  
app/views/layouts/devise.html.erb:27
Started GET "/users/sign_in" for 127.0.0.1 at 2026-02-04 17:07:24 -0300
Processing by Devise::SessionsController#new as HTML
  Rendering layout layouts/devise.html.erb
  Rendering devise/sessions/new.html.erb within layouts/devise
  Rendered devise/shared/_links.html.erb (Duration: 0.8ms | GC: 0.0ms)
  Rendered devise/sessions/new.html.erb within layouts/devise (Duration: 3.1ms | GC: 0.0ms)
  Rendered layout layouts/devise.html.erb (Duration: 4.0ms | GC: 0.0ms)
Completed 200 OK in 12ms (Views: 5.7ms | ActiveRecord: 1.9ms (0 queries, 0 cached) | GC: 0.0ms)


Started GET "/users/sign_in" for 127.0.0.1 at 2026-02-04 17:09:23 -0300
Processing by Devise::SessionsController#new as HTML
  Rendering layout layouts/devise.html.erb
  Rendering devise/sessions/new.html.erb within layouts/devise
  Rendered devise/shared/_links.html.erb (Duration: 0.2ms | GC: 0.0ms)
  Rendered devise/sessions/new.html.erb within layouts/devise (Duration: 1.3ms | GC: 0.0ms)
  Rendered layout layouts/devise.html.erb (Duration: 1.7ms | GC: 0.0ms)
Completed 200 OK in 4ms (Views: 2.1ms | ActiveRecord: 0.0ms (0 queries, 0 cached) | GC: 0.0ms)


Started GET "/users/sign_in" for 127.0.0.1 at 2026-02-04 17:12:36 -0300
Processing by Devise::SessionsController#new as HTML
  Rendering layout layouts/devise.html.erb
  Rendering devise/sessions/new.html.erb within layouts/devise
  Rendered devise/shared/_links.html.erb (Duration: 0.4ms | GC: 0.0ms)
  Rendered devise/sessions/new.html.erb within layouts/devise (Duration: 1.5ms | GC: 0.0ms)
  Rendered layout layouts/devise.html.erb (Duration: 1.9ms | GC: 0.0ms)
Completed 200 OK in 9ms (Views: 3.3ms | ActiveRecord: 1.9ms (0 queries, 0 cached) | GC: 0.2ms)


Started GET "/users/sign_in" for 127.0.0.1 at 2026-02-04 17:13:02 -0300
Processing by Devise::SessionsController#new as HTML
  Rendering layout layouts/devise.html.erb
  Rendering devise/sessions/new.html.erb within layouts/devise
  Rendered devise/shared/_links.html.erb (Duration: 0.4ms | GC: 0.0ms)
  Rendered devise/sessions/new.html.erb within layouts/devise (Duration: 1.5ms | GC: 0.0ms)
  Rendered layout layouts/devise.html.erb (Duration: 2.2ms | GC: 0.1ms)
Completed 500 Internal Server Error in 9ms (ActiveRecord: 2.0ms (0 queries, 0 cached) | GC: 0.3ms)


  
ActionView::Template::Error (The asset 'application.css' was not found in the load path.)
Caused by: Propshaft::MissingAssetError (The asset 'application.css' was not found in the load path.)

Information for: ActionView::Template::Error (The asset 'application.css' was not found in the load path.):
    22:   href="https://cdn.jsdelivr.net/npm/bootstrap-icons@1.11.1/font/bootstrap-icons.css">
    23: 
    24:      <%= stylesheet_link_tag "application", "data-turbo-track": "reload" %>
    25:     <%= javascript_include_tag "application", "data-turbo-track": "reload", type: "module" %>
    26:   </head>
    27: 
    28:   <body>
  
app/views/layouts/devise.html.erb:25

Information for cause: Propshaft::MissingAssetError (The asset 'application.css' was not found in the load path.):
  
app/views/layouts/devise.html.erb:25
Started GET "/favicon.ico" for 127.0.0.1 at 2026-02-04 17:13:02 -0300
  
ActionController::RoutingError (No route matches [GET] "/favicon.ico"):
  
Started GET "/users/sign_in" for 127.0.0.1 at 2026-02-04 17:14:50 -0300
Processing by Devise::SessionsController#new as HTML
  Rendering layout layouts/devise.html.erb
  Rendering devise/sessions/new.html.erb within layouts/devise
  Rendered devise/shared/_links.html.erb (Duration: 0.5ms | GC: 0.0ms)
  Rendered devise/sessions/new.html.erb within layouts/devise (Duration: 2.0ms | GC: 0.0ms)
  Rendered layout layouts/devise.html.erb (Duration: 2.8ms | GC: 0.2ms)
Completed 500 Internal Server Error in 9ms (ActiveRecord: 1.1ms (0 queries, 0 cached) | GC: 0.6ms)


  
ActionView::Template::Error (The asset 'application.css' was not found in the load path.)
Caused by: Propshaft::MissingAssetError (The asset 'application.css' was not found in the load path.)

Information for: ActionView::Template::Error (The asset 'application.css' was not found in the load path.):
    18: 
    19:     <%# Includes all stylesheet files in app/assets/stylesheets %>
    20:     <%= stylesheet_link_tag "application", "data-turbo-track": "reload" %>
    21:     <%= javascript_include_tag "application", "data-turbo-track": "reload", type: "module" %>
    22:   </head>
    23: 
    24:   <body>
  
app/views/layouts/devise.html.erb:21

Information for cause: Propshaft::MissingAssetError (The asset 'application.css' was not found in the load path.):
  
app/views/layouts/devise.html.erb:21
Started GET "/favicon.ico" for 127.0.0.1 at 2026-02-04 17:14:50 -0300
  
ActionController::RoutingError (No route matches [GET] "/favicon.ico"):
  
Started POST "/__web_console/repl_sessions/708046575f3cb1eef0f7248b1ef2f2f9/trace" for 127.0.0.1 at 2026-02-04 17:16:00 -0300
Started GET "/users/sign_in" for 127.0.0.1 at 2026-02-04 17:29:55 -0300
  [1m[36mActiveRecord::SchemaMigration Load (2.1ms)[0m  [1m[34mSELECT "schema_migrations"."version" FROM "schema_migrations" ORDER BY "schema_migrations"."version" ASC /*application='RailsGuide'*/[0m
Processing by Devise::SessionsController#new as HTML
  Rendering layout layouts/devise.html.erb
  Rendering devise/sessions/new.html.erb within layouts/devise
  Rendered devise/shared/_links.html.erb (Duration: 0.6ms | GC: 0.1ms)
  Rendered devise/sessions/new.html.erb within layouts/devise (Duration: 3.9ms | GC: 0.3ms)
  Rendered layout layouts/devise.html.erb (Duration: 7.8ms | GC: 0.6ms)
Completed 500 Internal Server Error in 51ms (ActiveRecord: 8.7ms (0 queries, 0 cached) | GC: 2.6ms)


  
ActionView::Template::Error (The asset 'application.css' was not found in the load path.)
Caused by: Propshaft::MissingAssetError (The asset 'application.css' was not found in the load path.)

Information for: ActionView::Template::Error (The asset 'application.css' was not found in the load path.):
    18: 
    19:     <%# Includes all stylesheet files in app/assets/stylesheets %>
    20:     <%= stylesheet_link_tag "application", "data-turbo-track": "reload" %>
    21:     <%= javascript_include_tag "application", "data-turbo-track": "reload", type: "module" %>
    22:   </head>
    23: 
    24:   <body>
  
app/views/layouts/devise.html.erb:21

Information for cause: Propshaft::MissingAssetError (The asset 'application.css' was not found in the load path.):
  
app/views/layouts/devise.html.erb:21
Started GET "/favicon.ico" for 127.0.0.1 at 2026-02-04 17:29:56 -0300
  
ActionController::RoutingError (No route matches [GET] "/favicon.ico"):
  
Started GET "/users/sign_in" for 127.0.0.1 at 2026-02-04 17:34:38 -0300
Processing by Devise::SessionsController#new as HTML
  Rendering layout layouts/devise.html.erb
  Rendering devise/sessions/new.html.erb within layouts/devise
  Rendered devise/shared/_links.html.erb (Duration: 0.6ms | GC: 0.0ms)
  Rendered devise/sessions/new.html.erb within layouts/devise (Duration: 2.7ms | GC: 0.0ms)
  Rendered layout layouts/devise.html.erb (Duration: 3.6ms | GC: 0.0ms)
Completed 500 Internal Server Error in 13ms (ActiveRecord: 2.1ms (0 queries, 0 cached) | GC: 0.0ms)


  
ActionView::Template::Error (The asset 'app.css' was not found in the load path.)
Caused by: Propshaft::MissingAssetError (The asset 'app.css' was not found in the load path.)

Information for: ActionView::Template::Error (The asset 'app.css' was not found in the load path.):
    18: 
    19:     <%# Includes all stylesheet files in app/assets/stylesheets %>
    20:     <%= stylesheet_link_tag "app", "data-turbo-track": "reload" %>
    21:     <%= javascript_include_tag "application", "data-turbo-track": "reload", type: "module" %>
    22:   </head>
    23: 
    24:   <body>
  
app/views/layouts/devise.html.erb:21

Information for cause: Propshaft::MissingAssetError (The asset 'app.css' was not found in the load path.):
  
app/views/layouts/devise.html.erb:21
Started GET "/favicon.ico" for 127.0.0.1 at 2026-02-04 17:34:38 -0300
  
ActionController::RoutingError (No route matches [GET] "/favicon.ico"):
  
Started GET "/users/sign_in" for 127.0.0.1 at 2026-02-04 17:34:49 -0300
Processing by Devise::SessionsController#new as HTML
  Rendering layout layouts/devise.html.erb
  Rendering devise/sessions/new.html.erb within layouts/devise
  Rendered devise/shared/_links.html.erb (Duration: 0.3ms | GC: 0.0ms)
  Rendered devise/sessions/new.html.erb within layouts/devise (Duration: 1.4ms | GC: 0.0ms)
  Rendered layout layouts/devise.html.erb (Duration: 3.7ms | GC: 0.0ms)
Completed 200 OK in 9ms (Views: 4.6ms | ActiveRecord: 1.4ms (0 queries, 0 cached) | GC: 0.0ms)


Started GET "/users/sign_in" for 127.0.0.1 at 2026-02-04 17:35:03 -0300
Processing by Devise::SessionsController#new as HTML
  Rendering layout layouts/devise.html.erb
  Rendering devise/sessions/new.html.erb within layouts/devise
  Rendered devise/shared/_links.html.erb (Duration: 0.6ms | GC: 0.0ms)
  Rendered devise/sessions/new.html.erb within layouts/devise (Duration: 2.4ms | GC: 0.0ms)
  Rendered layout layouts/devise.html.erb (Duration: 3.2ms | GC: 0.0ms)
Completed 200 OK in 12ms (Views: 4.8ms | ActiveRecord: 1.9ms (0 queries, 0 cached) | GC: 0.0ms)


Started GET "/users/sign_in" for 127.0.0.1 at 2026-02-04 17:46:36 -0300
Processing by Devise::SessionsController#new as HTML
  Rendering layout layouts/devise.html.erb
  Rendering devise/sessions/new.html.erb within layouts/devise
  Rendered devise/shared/_links.html.erb (Duration: 0.5ms | GC: 0.0ms)
  Rendered devise/sessions/new.html.erb within layouts/devise (Duration: 3.3ms | GC: 0.0ms)
  Rendered layout layouts/devise.html.erb (Duration: 4.1ms | GC: 0.1ms)
Completed 500 Internal Server Error in 10ms (ActiveRecord: 0.0ms (0 queries, 0 cached) | GC: 0.4ms)


  
ActionView::Template::Error (The asset 'application.bootstrap.css' was not found in the load path.)
Caused by: Propshaft::MissingAssetError (The asset 'application.bootstrap.css' was not found in the load path.)

Information for: ActionView::Template::Error (The asset 'application.bootstrap.css' was not found in the load path.):
    19: 
    20:     <%# Includes all stylesheet files in app/assets/stylesheets %>
    21:     <%= stylesheet_link_tag "application.bootstrap", "data-turbo-track": "reload" %>
    22:     <%= javascript_include_tag "application", "data-turbo-track": "reload", type: "module" %>
    23:   </head>
    24: 
    25:   <body>
  
app/views/layouts/devise.html.erb:22

Information for cause: Propshaft::MissingAssetError (The asset 'application.bootstrap.css' was not found in the load path.):
  
app/views/layouts/devise.html.erb:22
Started GET "/favicon.ico" for 127.0.0.1 at 2026-02-04 17:46:36 -0300
  
ActionController::RoutingError (No route matches [GET] "/favicon.ico"):
  
Started GET "/users/sign_in" for 127.0.0.1 at 2026-02-04 17:46:58 -0300
Processing by Devise::SessionsController#new as HTML
  Rendering layout layouts/devise.html.erb
  Rendering devise/sessions/new.html.erb within layouts/devise
  Rendered devise/shared/_links.html.erb (Duration: 0.6ms | GC: 0.0ms)
  Rendered devise/sessions/new.html.erb within layouts/devise (Duration: 2.0ms | GC: 0.0ms)
  Rendered layout layouts/devise.html.erb (Duration: 3.9ms | GC: 0.0ms)
Completed 500 Internal Server Error in 10ms (ActiveRecord: 0.0ms (0 queries, 0 cached) | GC: 0.0ms)


  
ActionView::Template::Error (undefined method `stylesheet_include_tag' for #<ActionView::Base:0x00000000025b70>)
Caused by: NoMethodError (undefined method `stylesheet_include_tag' for #<ActionView::Base:0x00000000025b70>)

Information for: ActionView::Template::Error (undefined method `stylesheet_include_tag' for #<ActionView::Base:0x00000000025b70>):
    19: 
    20:     <%# Includes all stylesheet files in app/assets/stylesheets %>
    21:     <%= stylesheet_include_tag "application.bootstrap", "data-turbo-track": "reload" %>
    22:     <%= javascript_include_tag "application", "data-turbo-track": "reload", type: "module" %>
    23:   </head>
    24: 
    25:   <body>
  
app/views/layouts/devise.html.erb:22

Information for cause: NoMethodError (undefined method `stylesheet_include_tag' for #<ActionView::Base:0x00000000025b70>):
  
app/views/layouts/devise.html.erb:22
Started GET "/favicon.ico" for 127.0.0.1 at 2026-02-04 17:46:58 -0300
  
ActionController::RoutingError (No route matches [GET] "/favicon.ico"):
  
Started GET "/users/sign_in" for 127.0.0.1 at 2026-02-04 18:15:24 -0300
  [1m[36mActiveRecord::SchemaMigration Load (1.0ms)[0m  [1m[34mSELECT "schema_migrations"."version" FROM "schema_migrations" ORDER BY "schema_migrations"."version" ASC /*application='RailsGuide'*/[0m
Processing by Devise::SessionsController#new as HTML
  Rendering layout layouts/devise.html.erb
  Rendering devise/sessions/new.html.erb within layouts/devise
  Rendered devise/shared/_links.html.erb (Duration: 0.4ms | GC: 0.0ms)
  Rendered devise/sessions/new.html.erb within layouts/devise (Duration: 4.8ms | GC: 0.2ms)
  Rendered layout layouts/devise.html.erb (Duration: 9.6ms | GC: 0.5ms)
Completed 500 Internal Server Error in 68ms (ActiveRecord: 13.6ms (0 queries, 0 cached) | GC: 2.8ms)


  
ActionView::Template::Error (The asset 'application.css' was not found in the load path.)
Caused by: Propshaft::MissingAssetError (The asset 'application.css' was not found in the load path.)

Information for: ActionView::Template::Error (The asset 'application.css' was not found in the load path.):
     7:     <%= csp_meta_tag %>
     8: 
     9:     <%= stylesheet_link_tag "application", "data-turbo-track": "reload" %>
    10:     <%= javascript_include_tag "application", "data-turbo-track": "reload", type: "module" %>
    11:   </head>
    12: 
    13:   <body>
  
app/views/layouts/devise.html.erb:10

Information for cause: Propshaft::MissingAssetError (The asset 'application.css' was not found in the load path.):
  
app/views/layouts/devise.html.erb:10
Started GET "/favicon.ico" for 127.0.0.1 at 2026-02-04 18:15:25 -0300
  
ActionController::RoutingError (No route matches [GET] "/favicon.ico"):
  
  [1m[36mActiveRecord::SchemaMigration Load (2.8ms)[0m  [1m[34mSELECT "schema_migrations"."version" FROM "schema_migrations" ORDER BY "schema_migrations"."version" ASC /*application='RailsGuide'*/[0m
  [1m[36mActiveRecord::SchemaMigration Load (0.9ms)[0m  [1m[34mSELECT "schema_migrations"."version" FROM "schema_migrations" ORDER BY "schema_migrations"."version" ASC /*application='RailsGuide'*/[0m
Started GET "/users/sign_in" for 127.0.0.1 at 2026-02-04 18:37:15 -0300
  [1m[36mActiveRecord::SchemaMigration Load (0.8ms)[0m  [1m[34mSELECT "schema_migrations"."version" FROM "schema_migrations" ORDER BY "schema_migrations"."version" ASC /*application='RailsGuide'*/[0m
Processing by Devise::SessionsController#new as HTML
  Rendering layout layouts/devise.html.erb
  Rendering devise/sessions/new.html.erb within layouts/devise
  Rendered devise/shared/_links.html.erb (Duration: 0.5ms | GC: 0.0ms)
  Rendered devise/sessions/new.html.erb within layouts/devise (Duration: 7.7ms | GC: 0.3ms)
  Rendered shared/_flash.html.erb (Duration: 0.2ms | GC: 0.0ms)
  Rendered layout layouts/devise.html.erb (Duration: 21.0ms | GC: 0.9ms)
Completed 500 Internal Server Error in 96ms (ActiveRecord: 7.3ms (0 queries, 0 cached) | GC: 11.1ms)


  
ActionView::Template::Error (undefined method 'account_page?' for an instance of #<Class:0x0000777d130f37c0>)
Caused by: NoMethodError (undefined method 'account_page?' for an instance of #<Class:0x0000777d130f37c0>)

Information for: ActionView::Template::Error (undefined method 'account_page?' for an instance of #<Class:0x0000777d130f37c0>):
    14:     <div class="vh-100">
    15:       <%= render(partial: 'shared/flash') %>
    16:       <%= render(partial: 'shared/navbar') if account_page? %>
    17:       <div class="h-100 container d-flex flex-column justify-content-center align-items-center">
    18:         <% unless account_page? %>
    19:           <%= logo %>
    20:         <% end %>
  
app/views/layouts/devise.html.erb:17

Information for cause: NoMethodError (undefined method 'account_page?' for an instance of #<Class:0x0000777d130f37c0>):
  
app/views/layouts/devise.html.erb:17
Started GET "/favicon.ico" for 127.0.0.1 at 2026-02-04 18:37:16 -0300
  
ActionController::RoutingError (No route matches [GET] "/favicon.ico"):
  
Started GET "/users/sign_in" for 127.0.0.1 at 2026-02-04 18:42:07 -0300
Processing by Devise::SessionsController#new as HTML
  Rendering layout layouts/devise.html.erb
  Rendering devise/sessions/new.html.erb within layouts/devise
  Rendered devise/shared/_links.html.erb (Duration: 0.6ms | GC: 0.0ms)
  Rendered devise/sessions/new.html.erb within layouts/devise (Duration: 2.9ms | GC: 0.0ms)
  Rendered layout layouts/devise.html.erb (Duration: 4.0ms | GC: 0.0ms)
Completed 500 Internal Server Error in 15ms (ActiveRecord: 1.9ms (0 queries, 0 cached) | GC: 0.0ms)


  
ActionView::Template::Error (undefined method 'account_page?' for an instance of #<Class:0x0000777d14d04b08>)
Caused by: NoMethodError (undefined method 'account_page?' for an instance of #<Class:0x0000777d14d04b08>)

Information for: ActionView::Template::Error (undefined method 'account_page?' for an instance of #<Class:0x0000777d14d04b08>):
    14:     <div class="vh-100">
    15:       <div class="h-100 container d-flex flex-column justify-content-center align-items-center">
    16:         <% unless account_page? %>
    17:           <%= logo %>
    18:         <% end %>
    19:         <div class="card card--auth shadow-sm w-100">
    20:           <div class="card-body">
  
app/views/layouts/devise.html.erb:17

Information for cause: NoMethodError (undefined method 'account_page?' for an instance of #<Class:0x0000777d14d04b08>):
  
app/views/layouts/devise.html.erb:17
Started GET "/favicon.ico" for 127.0.0.1 at 2026-02-04 18:42:08 -0300
  
ActionController::RoutingError (No route matches [GET] "/favicon.ico"):
  
Started GET "/users/sign_in" for 127.0.0.1 at 2026-02-04 18:42:17 -0300
Processing by Devise::SessionsController#new as HTML
  Rendering layout layouts/devise.html.erb
  Rendering devise/sessions/new.html.erb within layouts/devise
  Rendered devise/shared/_links.html.erb (Duration: 0.5ms | GC: 0.0ms)
  Rendered devise/sessions/new.html.erb within layouts/devise (Duration: 2.2ms | GC: 0.0ms)
  Rendered layout layouts/devise.html.erb (Duration: 3.3ms | GC: 0.0ms)
Completed 500 Internal Server Error in 9ms (ActiveRecord: 1.4ms (0 queries, 0 cached) | GC: 0.0ms)


  
ActionView::SyntaxErrorInTemplate (Encountered a syntax error while rendering template located at: app/views/layouts/devise.html.erb)
Caused by: ActiveSupport::SyntaxErrorProxy (/home/luan-alves/PersonalProject/RailsGuide/app/views/layouts/devise.html.erb:30: syntax error found
  28 | '.freeze;
  29 | @output_buffer.safe_append='<!-- END app/views/layouts/devise.html.erb -->';@output_buffer
> 30 |           end
     |           ^~~ unexpected 'end', ignoring it
)

Information for: ActionView::SyntaxErrorInTemplate (Encountered a syntax error while rendering template located at: app/views/layouts/devise.html.erb):
1:    <!DOCTYPE html>
2:    <html>
3:      <head>
4:        <title>SafePassApp Secure Authentication</title>
5:        <meta name="viewport" content="width=device-width,initial-scale=1">
6:        <%= csrf_meta_tags %>
7:        <%= csp_meta_tag %>
8:    
9:        <%= stylesheet_link_tag "application", "data-turbo-track": "reload" %>
10:        <%= javascript_include_tag "application", "data-turbo-track": "reload", type: "module" %>
11:      </head>
12:    
13:      <body>
14:        <div class="vh-100">
15:          <div class="h-100 container d-flex flex-column justify-content-center align-items-center">
16:              <%= logo %>
17:            <% end %>
18:            <div class="card card--auth shadow-sm w-100">
19:              <div class="card-body">
20:                <%= yield %>
21:              </div>
22:            </div>
23:          </div>
24:        </div>
25:      </body>
26:    </html>
  
app/views/layouts/devise.html.erb:30: syntax error found

Information for cause: ActiveSupport::SyntaxErrorProxy (/home/luan-alves/PersonalProject/RailsGuide/app/views/layouts/devise.html.erb:30: syntax error found
  28 | '.freeze;
  29 | @output_buffer.safe_append='<!-- END app/views/layouts/devise.html.erb -->';@output_buffer
> 30 |           end
     |           ^~~ unexpected 'end', ignoring it
):
  
app/views/layouts/devise.html.erb:30: syntax error found
Started GET "/users/sign_in" for 127.0.0.1 at 2026-02-04 18:45:29 -0300
  [1m[36mActiveRecord::SchemaMigration Load (1.3ms)[0m  [1m[34mSELECT "schema_migrations"."version" FROM "schema_migrations" ORDER BY "schema_migrations"."version" ASC /*application='RailsGuide'*/[0m
Processing by Devise::SessionsController#new as HTML
  Rendering layout layouts/application.html.erb
  Rendering devise/sessions/new.html.erb within layouts/application
  Rendered devise/shared/_links.html.erb (Duration: 0.5ms | GC: 0.0ms)
  Rendered devise/sessions/new.html.erb within layouts/application (Duration: 4.1ms | GC: 0.2ms)
  Rendered shared/_flash.html.erb (Duration: 0.2ms | GC: 0.0ms)
  Rendered shared/_navbar.html.erb (Duration: 0.2ms | GC: 0.0ms)
  Rendered layout layouts/application.html.erb (Duration: 15.8ms | GC: 0.3ms)
Completed 200 OK in 56ms (Views: 21.5ms | ActiveRecord: 3.8ms (0 queries, 0 cached) | GC: 1.9ms)


Started GET "/" for 127.0.0.1 at 2026-02-04 18:45:31 -0300
Processing by PagesController#home as HTML
  Rendering layout layouts/application.html.erb
  Rendering pages/home.html.erb within layouts/application
  Rendered pages/home.html.erb within layouts/application (Duration: 0.2ms | GC: 0.0ms)
  Rendered shared/_flash.html.erb (Duration: 0.1ms | GC: 0.0ms)
  Rendered shared/_navbar.html.erb (Duration: 0.1ms | GC: 0.0ms)
  Rendered layout layouts/application.html.erb (Duration: 1.6ms | GC: 0.0ms)
Completed 200 OK in 5ms (Views: 3.0ms | ActiveRecord: 0.0ms (0 queries, 0 cached) | GC: 0.0ms)


Started GET "/about" for 127.0.0.1 at 2026-02-04 18:45:35 -0300
Processing by PagesController#about as HTML
  Rendering layout layouts/application.html.erb
  Rendering pages/about.html.erb within layouts/application
  Rendered pages/about.html.erb within layouts/application (Duration: 0.2ms | GC: 0.0ms)
  Rendered shared/_flash.html.erb (Duration: 0.0ms | GC: 0.0ms)
  Rendered shared/_navbar.html.erb (Duration: 0.1ms | GC: 0.0ms)
  Rendered layout layouts/application.html.erb (Duration: 1.4ms | GC: 0.0ms)
Completed 200 OK in 4ms (Views: 1.8ms | ActiveRecord: 0.0ms (0 queries, 0 cached) | GC: 0.0ms)


Started GET "/" for 127.0.0.1 at 2026-02-04 18:45:36 -0300
Processing by PagesController#home as HTML
  Rendering layout layouts/application.html.erb
  Rendering pages/home.html.erb within layouts/application
  Rendered pages/home.html.erb within layouts/application (Duration: 0.0ms | GC: 0.0ms)
  Rendered shared/_flash.html.erb (Duration: 0.1ms | GC: 0.0ms)
  Rendered shared/_navbar.html.erb (Duration: 0.2ms | GC: 0.0ms)
  Rendered layout layouts/application.html.erb (Duration: 1.3ms | GC: 0.0ms)
Completed 200 OK in 3ms (Views: 1.6ms | ActiveRecord: 0.0ms (0 queries, 0 cached) | GC: 0.0ms)


Started GET "/about" for 127.0.0.1 at 2026-02-04 18:45:37 -0300
Processing by PagesController#about as HTML
  Rendering layout layouts/application.html.erb
  Rendering pages/about.html.erb within layouts/application
  Rendered pages/about.html.erb within layouts/application (Duration: 0.0ms | GC: 0.0ms)
  Rendered shared/_flash.html.erb (Duration: 0.2ms | GC: 0.0ms)
  Rendered shared/_navbar.html.erb (Duration: 0.4ms | GC: 0.0ms)
  Rendered layout layouts/application.html.erb (Duration: 4.3ms | GC: 0.0ms)
Completed 200 OK in 7ms (Views: 5.2ms | ActiveRecord: 0.0ms (0 queries, 0 cached) | GC: 0.0ms)


Started GET "/about" for 127.0.0.1 at 2026-02-04 18:49:57 -0300
  [1m[36mActiveRecord::SchemaMigration Load (0.6ms)[0m  [1m[34mSELECT "schema_migrations"."version" FROM "schema_migrations" ORDER BY "schema_migrations"."version" ASC /*application='RailsGuide'*/[0m
Processing by PagesController#about as HTML
  Rendering layout layouts/application.html.erb
  Rendering pages/about.html.erb within layouts/application
  Rendered pages/about.html.erb within layouts/application (Duration: 0.2ms | GC: 0.0ms)
  Rendered shared/_flash.html.erb (Duration: 0.4ms | GC: 0.2ms)
  Rendered shared/_navbar.html.erb (Duration: 0.4ms | GC: 0.0ms)
  Rendered layout layouts/application.html.erb (Duration: 15.7ms | GC: 0.8ms)
Completed 200 OK in 25ms (Views: 17.9ms | ActiveRecord: 0.0ms (0 queries, 0 cached) | GC: 1.4ms)


Started GET "/about" for 127.0.0.1 at 2026-02-04 19:02:06 -0300
  [1m[36mActiveRecord::SchemaMigration Load (0.6ms)[0m  [1m[34mSELECT "schema_migrations"."version" FROM "schema_migrations" ORDER BY "schema_migrations"."version" ASC /*application='RailsGuide'*/[0m
Processing by PagesController#about as HTML
  Rendering layout layouts/application.html.erb
  Rendering pages/about.html.erb within layouts/application
  Rendered pages/about.html.erb within layouts/application (Duration: 0.2ms | GC: 0.0ms)
  Rendered shared/_flash.html.erb (Duration: 0.4ms | GC: 0.0ms)
  Rendered shared/_navbar.html.erb (Duration: 0.3ms | GC: 0.0ms)
  Rendered layout layouts/application.html.erb (Duration: 17.4ms | GC: 0.0ms)
Completed 200 OK in 40ms (Views: 20.9ms | ActiveRecord: 0.0ms (0 queries, 0 cached) | GC: 0.3ms)


Started GET "/about" for 127.0.0.1 at 2026-02-04 19:05:39 -0300
  [1m[36mActiveRecord::SchemaMigration Load (0.5ms)[0m  [1m[34mSELECT "schema_migrations"."version" FROM "schema_migrations" ORDER BY "schema_migrations"."version" ASC /*application='RailsGuide'*/[0m
Processing by PagesController#about as HTML
  Rendering layout layouts/application.html.erb
  Rendering pages/about.html.erb within layouts/application
  Rendered pages/about.html.erb within layouts/application (Duration: 0.2ms | GC: 0.0ms)
  Rendered shared/_flash.html.erb (Duration: 0.3ms | GC: 0.0ms)
  Rendered shared/_navbar.html.erb (Duration: 0.4ms | GC: 0.0ms)
  Rendered layout layouts/application.html.erb (Duration: 13.2ms | GC: 0.5ms)
Completed 200 OK in 19ms (Views: 14.5ms | ActiveRecord: 0.0ms (0 queries, 0 cached) | GC: 0.8ms)


Started GET "/about" for 127.0.0.1 at 2026-02-04 19:05:40 -0300
Processing by PagesController#about as HTML
  Rendering layout layouts/application.html.erb
  Rendering pages/about.html.erb within layouts/application
  Rendered pages/about.html.erb within layouts/application (Duration: 0.1ms | GC: 0.0ms)
  Rendered shared/_flash.html.erb (Duration: 0.1ms | GC: 0.0ms)
  Rendered shared/_navbar.html.erb (Duration: 0.2ms | GC: 0.0ms)
  Rendered layout layouts/application.html.erb (Duration: 2.1ms | GC: 0.0ms)
Completed 200 OK in 4ms (Views: 2.7ms | ActiveRecord: 0.0ms (0 queries, 0 cached) | GC: 0.0ms)


Started GET "/" for 127.0.0.1 at 2026-02-05 09:16:15 -0300
  [1m[36mActiveRecord::SchemaMigration Load (0.7ms)[0m  [1m[34mSELECT "schema_migrations"."version" FROM "schema_migrations" ORDER BY "schema_migrations"."version" ASC /*application='RailsGuide'*/[0m
Processing by PagesController#home as HTML
  Rendering layout layouts/application.html.erb
  Rendering pages/home.html.erb within layouts/application
  Rendered pages/home.html.erb within layouts/application (Duration: 0.2ms | GC: 0.0ms)
  Rendered shared/_flash.html.erb (Duration: 0.3ms | GC: 0.0ms)
  Rendered shared/_navbar.html.erb (Duration: 0.4ms | GC: 0.0ms)
  Rendered layout layouts/application.html.erb (Duration: 16.7ms | GC: 0.6ms)
Completed 200 OK in 29ms (Views: 19.2ms | ActiveRecord: 0.0ms (0 queries, 0 cached) | GC: 0.9ms)


Started GET "/" for 127.0.0.1 at 2026-02-05 09:16:18 -0300
Processing by PagesController#home as HTML
  Rendering layout layouts/application.html.erb
  Rendering pages/home.html.erb within layouts/application
  Rendered pages/home.html.erb within layouts/application (Duration: 0.0ms | GC: 0.0ms)
  Rendered shared/_flash.html.erb (Duration: 0.1ms | GC: 0.0ms)
  Rendered shared/_navbar.html.erb (Duration: 0.2ms | GC: 0.0ms)
  Rendered layout layouts/application.html.erb (Duration: 8.3ms | GC: 0.0ms)
Completed 200 OK in 10ms (Views: 8.9ms | ActiveRecord: 0.0ms (0 queries, 0 cached) | GC: 0.4ms)


Started GET "/about" for 127.0.0.1 at 2026-02-05 09:16:20 -0300
Processing by PagesController#about as HTML
  Rendering layout layouts/application.html.erb
  Rendering pages/about.html.erb within layouts/application
  Rendered pages/about.html.erb within layouts/application (Duration: 0.3ms | GC: 0.0ms)
  Rendered shared/_flash.html.erb (Duration: 0.1ms | GC: 0.0ms)
  Rendered shared/_navbar.html.erb (Duration: 0.2ms | GC: 0.0ms)
  Rendered layout layouts/application.html.erb (Duration: 1.9ms | GC: 0.0ms)
Completed 200 OK in 5ms (Views: 2.5ms | ActiveRecord: 0.0ms (0 queries, 0 cached) | GC: 0.0ms)


Started GET "/about" for 127.0.0.1 at 2026-02-05 09:39:35 -0300
  [1m[36mActiveRecord::SchemaMigration Load (0.8ms)[0m  [1m[34mSELECT "schema_migrations"."version" FROM "schema_migrations" ORDER BY "schema_migrations"."version" ASC /*application='RailsGuide'*/[0m
Processing by PagesController#about as HTML
  Rendering layout layouts/application.html.erb
  Rendering pages/about.html.erb within layouts/application
  Rendered pages/about.html.erb within layouts/application (Duration: 0.2ms | GC: 0.0ms)
  Rendered shared/_flash.html.erb (Duration: 0.2ms | GC: 0.0ms)
  Rendered shared/_navbar.html.erb (Duration: 0.3ms | GC: 0.0ms)
  Rendered layout layouts/application.html.erb (Duration: 15.9ms | GC: 0.6ms)
Completed 200 OK in 25ms (Views: 18.2ms | ActiveRecord: 0.0ms (0 queries, 0 cached) | GC: 0.9ms)


Started GET "/about" for 127.0.0.1 at 2026-02-05 09:42:39 -0300
Processing by PagesController#about as HTML
  Rendering layout layouts/application.html.erb
  Rendering pages/about.html.erb within layouts/application
  Rendered pages/about.html.erb within layouts/application (Duration: 0.2ms | GC: 0.0ms)
  Rendered shared/_flash.html.erb (Duration: 0.2ms | GC: 0.0ms)
  Rendered shared/_navbar.html.erb (Duration: 0.5ms | GC: 0.0ms)
  Rendered layout layouts/application.html.erb (Duration: 4.0ms | GC: 0.0ms)
Completed 200 OK in 7ms (Views: 5.7ms | ActiveRecord: 0.0ms (0 queries, 0 cached) | GC: 0.0ms)


Started GET "/" for 127.0.0.1 at 2026-02-05 09:42:41 -0300
Processing by PagesController#home as HTML
  Rendering layout layouts/application.html.erb
  Rendering pages/home.html.erb within layouts/application
  Rendered pages/home.html.erb within layouts/application (Duration: 0.2ms | GC: 0.0ms)
  Rendered shared/_flash.html.erb (Duration: 0.0ms | GC: 0.0ms)
  Rendered shared/_navbar.html.erb (Duration: 0.1ms | GC: 0.0ms)
  Rendered layout layouts/application.html.erb (Duration: 1.1ms | GC: 0.0ms)
Completed 200 OK in 4ms (Views: 1.5ms | ActiveRecord: 0.0ms (0 queries, 0 cached) | GC: 0.0ms)


Started GET "/" for 127.0.0.1 at 2026-02-05 09:43:00 -0300
Processing by PagesController#home as HTML
  Rendering layout layouts/application.html.erb
  Rendering pages/home.html.erb within layouts/application
  Rendered pages/home.html.erb within layouts/application (Duration: 0.0ms | GC: 0.0ms)
  Rendered shared/_flash.html.erb (Duration: 0.0ms | GC: 0.0ms)
  Rendered shared/_navbar.html.erb (Duration: 0.2ms | GC: 0.0ms)
  Rendered layout layouts/application.html.erb (Duration: 1.3ms | GC: 0.0ms)
Completed 200 OK in 2ms (Views: 1.7ms | ActiveRecord: 0.0ms (0 queries, 0 cached) | GC: 0.0ms)


Started GET "/" for 127.0.0.1 at 2026-02-05 09:43:00 -0300
Processing by PagesController#home as HTML
  Rendering layout layouts/application.html.erb
  Rendering pages/home.html.erb within layouts/application
  Rendered pages/home.html.erb within layouts/application (Duration: 0.0ms | GC: 0.0ms)
  Rendered shared/_flash.html.erb (Duration: 0.0ms | GC: 0.0ms)
  Rendered shared/_navbar.html.erb (Duration: 0.1ms | GC: 0.0ms)
  Rendered layout layouts/application.html.erb (Duration: 0.8ms | GC: 0.0ms)
Completed 200 OK in 1ms (Views: 1.0ms | ActiveRecord: 0.0ms (0 queries, 0 cached) | GC: 0.0ms)


Started GET "/about" for 127.0.0.1 at 2026-02-05 09:43:02 -0300
Processing by PagesController#about as HTML
  Rendering layout layouts/application.html.erb
  Rendering pages/about.html.erb within layouts/application
  Rendered pages/about.html.erb within layouts/application (Duration: 0.0ms | GC: 0.0ms)
  Rendered shared/_flash.html.erb (Duration: 0.0ms | GC: 0.0ms)
  Rendered shared/_navbar.html.erb (Duration: 0.1ms | GC: 0.0ms)
  Rendered layout layouts/application.html.erb (Duration: 0.8ms | GC: 0.0ms)
Completed 200 OK in 2ms (Views: 1.1ms | ActiveRecord: 0.0ms (0 queries, 0 cached) | GC: 0.0ms)


Started GET "/" for 127.0.0.1 at 2026-02-05 09:43:03 -0300
Processing by PagesController#home as HTML
  Rendering layout layouts/application.html.erb
  Rendering pages/home.html.erb within layouts/application
  Rendered pages/home.html.erb within layouts/application (Duration: 0.0ms | GC: 0.0ms)
  Rendered shared/_flash.html.erb (Duration: 0.0ms | GC: 0.0ms)
  Rendered shared/_navbar.html.erb (Duration: 0.1ms | GC: 0.0ms)
  Rendered layout layouts/application.html.erb (Duration: 1.2ms | GC: 0.0ms)
Completed 200 OK in 2ms (Views: 1.6ms | ActiveRecord: 0.0ms (0 queries, 0 cached) | GC: 0.0ms)


Started GET "/" for 127.0.0.1 at 2026-02-05 09:44:09 -0300
Processing by PagesController#home as HTML
  Rendering layout layouts/application.html.erb
  Rendering pages/home.html.erb within layouts/application
  Rendered pages/home.html.erb within layouts/application (Duration: 0.1ms | GC: 0.0ms)
  Rendered shared/_navbar.html.erb (Duration: 0.3ms | GC: 0.0ms)
  Rendered shared/_flash.html.erb (Duration: 0.1ms | GC: 0.0ms)
  Rendered layout layouts/application.html.erb (Duration: 2.4ms | GC: 0.2ms)
Completed 200 OK in 4ms (Views: 3.3ms | ActiveRecord: 0.0ms (0 queries, 0 cached) | GC: 0.2ms)


Started GET "/" for 127.0.0.1 at 2026-02-05 09:44:11 -0300
Processing by PagesController#home as HTML
  Rendering layout layouts/application.html.erb
  Rendering pages/home.html.erb within layouts/application
  Rendered pages/home.html.erb within layouts/application (Duration: 0.0ms | GC: 0.0ms)
  Rendered shared/_navbar.html.erb (Duration: 0.1ms | GC: 0.0ms)
  Rendered shared/_flash.html.erb (Duration: 0.0ms | GC: 0.0ms)
  Rendered layout layouts/application.html.erb (Duration: 1.3ms | GC: 0.3ms)
Completed 200 OK in 2ms (Views: 1.6ms | ActiveRecord: 0.0ms (0 queries, 0 cached) | GC: 0.3ms)


Started GET "/about" for 127.0.0.1 at 2026-02-05 09:44:12 -0300
Processing by PagesController#about as HTML
  Rendering layout layouts/application.html.erb
  Rendering pages/about.html.erb within layouts/application
  Rendered pages/about.html.erb within layouts/application (Duration: 0.2ms | GC: 0.0ms)
  Rendered shared/_navbar.html.erb (Duration: 0.1ms | GC: 0.0ms)
  Rendered shared/_flash.html.erb (Duration: 0.0ms | GC: 0.0ms)
  Rendered layout layouts/application.html.erb (Duration: 1.7ms | GC: 0.2ms)
Completed 200 OK in 5ms (Views: 2.1ms | ActiveRecord: 0.0ms (0 queries, 0 cached) | GC: 0.2ms)


Started GET "/" for 127.0.0.1 at 2026-02-05 09:44:13 -0300
Processing by PagesController#home as HTML
  Rendering layout layouts/application.html.erb
  Rendering pages/home.html.erb within layouts/application
  Rendered pages/home.html.erb within layouts/application (Duration: 0.0ms | GC: 0.0ms)
  Rendered shared/_navbar.html.erb (Duration: 0.1ms | GC: 0.0ms)
  Rendered shared/_flash.html.erb (Duration: 0.2ms | GC: 0.2ms)
  Rendered layout layouts/application.html.erb (Duration: 1.0ms | GC: 0.2ms)
Completed 200 OK in 2ms (Views: 1.3ms | ActiveRecord: 0.0ms (0 queries, 0 cached) | GC: 0.2ms)


Started GET "/users/sign_in" for 127.0.0.1 at 2026-02-05 09:44:31 -0300
Processing by Devise::SessionsController#new as HTML
  Rendering layout layouts/devise.html.erb
  Rendering devise/sessions/new.html.erb within layouts/devise
  Rendered devise/shared/_links.html.erb (Duration: 0.7ms | GC: 0.0ms)
  Rendered devise/sessions/new.html.erb within layouts/devise (Duration: 11.3ms | GC: 0.3ms)
  Rendered layout layouts/devise.html.erb (Duration: 12.2ms | GC: 0.3ms)
Completed 200 OK in 58ms (Views: 13.8ms | ActiveRecord: 12.8ms (0 queries, 0 cached) | GC: 0.8ms)


Started GET "/" for 127.0.0.1 at 2026-02-05 09:49:13 -0300
Processing by PagesController#home as HTML
  Rendering layout layouts/application.html.erb
  Rendering pages/home.html.erb within layouts/application
  Rendered pages/home.html.erb within layouts/application (Duration: 0.1ms | GC: 0.0ms)
  Rendered shared/_navbar.html.erb (Duration: 0.2ms | GC: 0.0ms)
  Rendered shared/_flash.html.erb (Duration: 0.1ms | GC: 0.0ms)
  Rendered layout layouts/application.html.erb (Duration: 1.7ms | GC: 0.0ms)
Completed 200 OK in 3ms (Views: 2.3ms | ActiveRecord: 0.0ms (0 queries, 0 cached) | GC: 0.0ms)


Started GET "/users/sign_in" for 127.0.0.1 at 2026-02-05 09:49:16 -0300
Processing by Devise::SessionsController#new as HTML
  Rendering layout layouts/devise.html.erb
  Rendering devise/sessions/new.html.erb within layouts/devise
  Rendered devise/shared/_links.html.erb (Duration: 0.6ms | GC: 0.0ms)
  Rendered devise/sessions/new.html.erb within layouts/devise (Duration: 2.4ms | GC: 0.0ms)
  Rendered layout layouts/devise.html.erb (Duration: 3.1ms | GC: 0.0ms)
Completed 200 OK in 11ms (Views: 4.3ms | ActiveRecord: 1.9ms (0 queries, 0 cached) | GC: 0.0ms)


Started GET "/users/sign_up" for 127.0.0.1 at 2026-02-05 09:49:25 -0300
Processing by Devise::RegistrationsController#new as HTML
  Rendering layout layouts/devise.html.erb
  Rendering devise/registrations/new.html.erb within layouts/devise
  Rendered devise/shared/_error_messages.html.erb (Duration: 0.2ms | GC: 0.0ms)
  Rendered devise/shared/_links.html.erb (Duration: 0.1ms | GC: 0.0ms)
  Rendered devise/registrations/new.html.erb within layouts/devise (Duration: 1.9ms | GC: 0.0ms)
  Rendered layout layouts/devise.html.erb (Duration: 2.2ms | GC: 0.0ms)
Completed 200 OK in 5ms (Views: 3.1ms | ActiveRecord: 0.0ms (0 queries, 0 cached) | GC: 0.0ms)


Started GET "/users/sign_in" for 127.0.0.1 at 2026-02-05 09:51:30 -0300
Processing by Devise::SessionsController#new as HTML
  Rendering layout layouts/devise.html.erb
  Rendering devise/sessions/new.html.erb within layouts/devise
  Rendered devise/shared/_links.html.erb (Duration: 0.5ms | GC: 0.0ms)
  Rendered devise/sessions/new.html.erb within layouts/devise (Duration: 2.2ms | GC: 0.0ms)
  Rendered layout layouts/devise.html.erb (Duration: 3.1ms | GC: 0.0ms)
Completed 200 OK in 11ms (Views: 4.4ms | ActiveRecord: 1.8ms (0 queries, 0 cached) | GC: 0.0ms)


Started GET "/users/sign_in?class=navbar-brand" for 127.0.0.1 at 2026-02-05 09:52:15 -0300
Processing by Devise::SessionsController#new as HTML
  Parameters: {"class"=>"navbar-brand"}
  Rendering layout layouts/devise.html.erb
  Rendering devise/sessions/new.html.erb within layouts/devise
  Rendered devise/shared/_links.html.erb (Duration: 0.1ms | GC: 0.0ms)
  Rendered devise/sessions/new.html.erb within layouts/devise (Duration: 0.8ms | GC: 0.0ms)
  Rendered layout layouts/devise.html.erb (Duration: 1.1ms | GC: 0.0ms)
Completed 200 OK in 3ms (Views: 1.4ms | ActiveRecord: 0.0ms (0 queries, 0 cached) | GC: 0.0ms)


Started GET "/users/sign_in?class=navbar-brand" for 127.0.0.1 at 2026-02-05 09:52:21 -0300
Processing by Devise::SessionsController#new as HTML
  Parameters: {"class"=>"navbar-brand"}
  Rendering layout layouts/devise.html.erb
  Rendering devise/sessions/new.html.erb within layouts/devise
  Rendered devise/shared/_links.html.erb (Duration: 0.2ms | GC: 0.0ms)
  Rendered devise/sessions/new.html.erb within layouts/devise (Duration: 1.6ms | GC: 0.0ms)
  Rendered layout layouts/devise.html.erb (Duration: 2.3ms | GC: 0.0ms)
Completed 200 OK in 5ms (Views: 2.8ms | ActiveRecord: 0.0ms (0 queries, 0 cached) | GC: 0.0ms)


Started GET "/users/sign_in?class=navbar-brand" for 127.0.0.1 at 2026-02-05 09:52:23 -0300
Processing by Devise::SessionsController#new as HTML
  Parameters: {"class"=>"navbar-brand"}
  Rendering layout layouts/devise.html.erb
  Rendering devise/sessions/new.html.erb within layouts/devise
  Rendered devise/shared/_links.html.erb (Duration: 0.1ms | GC: 0.0ms)
  Rendered devise/sessions/new.html.erb within layouts/devise (Duration: 1.5ms | GC: 0.0ms)
  Rendered layout layouts/devise.html.erb (Duration: 1.9ms | GC: 0.0ms)
Completed 200 OK in 4ms (Views: 2.2ms | ActiveRecord: 0.0ms (0 queries, 0 cached) | GC: 0.0ms)


Started GET "/users/sign_in?class=navbar-brand" for 127.0.0.1 at 2026-02-05 09:53:23 -0300
Processing by Devise::SessionsController#new as HTML
  Parameters: {"class"=>"navbar-brand"}
  Rendering layout layouts/devise.html.erb
  Rendering devise/sessions/new.html.erb within layouts/devise
  Rendered devise/shared/_links.html.erb (Duration: 0.5ms | GC: 0.0ms)
  Rendered devise/sessions/new.html.erb within layouts/devise (Duration: 2.3ms | GC: 0.2ms)
  Rendered layout layouts/devise.html.erb (Duration: 6.6ms | GC: 0.3ms)
Completed 500 Internal Server Error in 12ms (ActiveRecord: 1.7ms (0 queries, 0 cached) | GC: 0.4ms)


  
ActionView::SyntaxErrorInTemplate (Encountered a syntax error while rendering template located at: app/views/layouts/devise.html.erb)
Caused by: ActiveSupport::SyntaxErrorProxy (/home/luan-alves/PersonalProject/RailsGuide/app/views/layouts/devise.html.erb:30: syntax error, unexpected `do', expecting ')'
..._path, class: 'navbar-brand' do)); @output_buffer.safe_appen...
...                             ^~
/home/luan-alves/PersonalProject/RailsGuide/app/views/layouts/devise.html.erb:46: syntax error, unexpected `end'
          end
          ^~~
)

Information for: ActionView::SyntaxErrorInTemplate (Encountered a syntax error while rendering template located at: app/views/layouts/devise.html.erb):
1:    <!DOCTYPE html>
2:    <html>
3:      <head>
4:        <title>SafePassApp Secure Authentication</title>
5:        <meta name="viewport" content="width=device-width,initial-scale=1">
6:        <meta name="apple-mobile-web-app-capable" content="yes">
7:        <meta name="application-name" content="Rails Guide">
8:        <meta name="mobile-web-app-capable" content="yes">
9:        <%= csrf_meta_tags %>
10:        <%= csp_meta_tag %>
11:    
12:        <%= yield :head %>
13:    
14:        <%# Enable PWA manifest for installable apps (make sure to enable in config/routes.rb too!) %>
15:        <%#= tag.link rel: "manifest", href: pwa_manifest_path(format: :json) %>
16:    
17:        <link rel="icon" href="/icon.png" type="image/png">
18:        <link rel="icon" href="/icon.svg" type="image/svg+xml">
19:        <link rel="apple-touch-icon" href="/icon.png">
20:    
21:        <%# Includes all stylesheet files in app/assets/stylesheets %>
22:        <%= stylesheet_link_tag "application", "data-turbo-track": "reload" %>    
23:        <%= javascript_include_tag "application", "data-turbo-track": "reload", type: "module" %>
24:      </head>
25:    
26:      <body>
27:        <div class="vh-100">
28:            <div class="h-100 container d-flex flex-column justify-content-center align-items-center">
29:                <%= link_to(root_path, class: 'navbar-brand' do)%>
30:                    <h2>
31:                        DASDASDA
32:                    </h2>
33:                <% end %>
34:                <div class="card shadow-sm w-100">
35:                    <div class="card-body">
36:                        <%= yield %>
37:                    </div>
38:                </div>
39:            </div>
40:        </div>
41:      </body>
42:    </html>
  
app/views/layouts/devise.html.erb:30: syntax error, unexpected `do', expecting ')'
app/views/layouts/devise.html.erb:46: syntax error, unexpected `end'

Information for cause: ActiveSupport::SyntaxErrorProxy (/home/luan-alves/PersonalProject/RailsGuide/app/views/layouts/devise.html.erb:30: syntax error, unexpected `do', expecting ')'
..._path, class: 'navbar-brand' do)); @output_buffer.safe_appen...
...                             ^~
/home/luan-alves/PersonalProject/RailsGuide/app/views/layouts/devise.html.erb:46: syntax error, unexpected `end'
          end
          ^~~
):
  
app/views/layouts/devise.html.erb:30: syntax error, unexpected `do', expecting ')'
app/views/layouts/devise.html.erb:46: syntax error, unexpected `end'
Started GET "/favicon.ico" for 127.0.0.1 at 2026-02-05 09:53:23 -0300
  
ActionController::RoutingError (No route matches [GET] "/favicon.ico"):
  
Started GET "/users/sign_in?class=navbar-brand" for 127.0.0.1 at 2026-02-05 09:54:41 -0300
Processing by Devise::SessionsController#new as HTML
  Parameters: {"class"=>"navbar-brand"}
  Rendering layout layouts/devise.html.erb
  Rendering devise/sessions/new.html.erb within layouts/devise
  Rendered devise/shared/_links.html.erb (Duration: 0.6ms | GC: 0.0ms)
  Rendered devise/sessions/new.html.erb within layouts/devise (Duration: 2.5ms | GC: 0.0ms)
  Rendered layout layouts/devise.html.erb (Duration: 3.7ms | GC: 0.1ms)
Completed 500 Internal Server Error in 12ms (ActiveRecord: 1.8ms (0 queries, 0 cached) | GC: 0.2ms)


  
ActionView::SyntaxErrorInTemplate (Encountered a syntax error while rendering template located at: app/views/layouts/devise.html.erb)
Caused by: ActiveSupport::SyntaxErrorProxy (/home/luan-alves/PersonalProject/RailsGuide/app/views/layouts/devise.html.erb:30: syntax error, unexpected `do', expecting ')'
..._path, class: 'navbar-brand' do)); @output_buffer.safe_appen...
...                             ^~
/home/luan-alves/PersonalProject/RailsGuide/app/views/layouts/devise.html.erb:46: syntax error, unexpected `end'
          end
          ^~~
)

Information for: ActionView::SyntaxErrorInTemplate (Encountered a syntax error while rendering template located at: app/views/layouts/devise.html.erb):
1:    <!DOCTYPE html>
2:    <html>
3:      <head>
4:        <title>SafePassApp Secure Authentication</title>
5:        <meta name="viewport" content="width=device-width,initial-scale=1">
6:        <meta name="apple-mobile-web-app-capable" content="yes">
7:        <meta name="application-name" content="Rails Guide">
8:        <meta name="mobile-web-app-capable" content="yes">
9:        <%= csrf_meta_tags %>
10:        <%= csp_meta_tag %>
11:    
12:        <%= yield :head %>
13:    
14:        <%# Enable PWA manifest for installable apps (make sure to enable in config/routes.rb too!) %>
15:        <%#= tag.link rel: "manifest", href: pwa_manifest_path(format: :json) %>
16:    
17:        <link rel="icon" href="/icon.png" type="image/png">
18:        <link rel="icon" href="/icon.svg" type="image/svg+xml">
19:        <link rel="apple-touch-icon" href="/icon.png">
20:    
21:        <%# Includes all stylesheet files in app/assets/stylesheets %>
22:        <%= stylesheet_link_tag "application", "data-turbo-track": "reload" %>    
23:        <%= javascript_include_tag "application", "data-turbo-track": "reload", type: "module" %>
24:      </head>
25:    
26:      <body>
27:        <div class="vh-100">
28:            <div class="h-100 container d-flex flex-column justify-content-center align-items-center">
29:                <%= link_to(root_path, class: 'navbar-brand' do)%>
30:                    <h2>
31:                        <i class="bi bi-safe-fill me-2"></i> SafePass
32:                    </h2>
33:                <% end %>
34:                <div class="card shadow-sm w-100">
35:                    <div class="card-body">
36:                        <%= yield %>
37:                    </div>
38:                </div>
39:            </div>
40:        </div>
41:      </body>
42:    </html>
  
app/views/layouts/devise.html.erb:30: syntax error, unexpected `do', expecting ')'
app/views/layouts/devise.html.erb:46: syntax error, unexpected `end'

Information for cause: ActiveSupport::SyntaxErrorProxy (/home/luan-alves/PersonalProject/RailsGuide/app/views/layouts/devise.html.erb:30: syntax error, unexpected `do', expecting ')'
..._path, class: 'navbar-brand' do)); @output_buffer.safe_appen...
...                             ^~
/home/luan-alves/PersonalProject/RailsGuide/app/views/layouts/devise.html.erb:46: syntax error, unexpected `end'
          end
          ^~~
):
  
app/views/layouts/devise.html.erb:30: syntax error, unexpected `do', expecting ')'
app/views/layouts/devise.html.erb:46: syntax error, unexpected `end'
Started GET "/users/sign_in?class=navbar-brand" for 127.0.0.1 at 2026-02-05 09:55:05 -0300
Processing by Devise::SessionsController#new as HTML
  Parameters: {"class"=>"navbar-brand"}
  Rendering layout layouts/devise.html.erb
  Rendering devise/sessions/new.html.erb within layouts/devise
  Rendered devise/shared/_links.html.erb (Duration: 0.7ms | GC: 0.0ms)
  Rendered devise/sessions/new.html.erb within layouts/devise (Duration: 2.7ms | GC: 0.0ms)
  Rendered layout layouts/devise.html.erb (Duration: 3.6ms | GC: 0.1ms)
Completed 500 Internal Server Error in 12ms (ActiveRecord: 2.0ms (0 queries, 0 cached) | GC: 0.2ms)


  
ActionView::SyntaxErrorInTemplate (Encountered a syntax error while rendering template located at: app/views/layouts/devise.html.erb)
Caused by: ActiveSupport::SyntaxErrorProxy (/home/luan-alves/PersonalProject/RailsGuide/app/views/layouts/devise.html.erb:30: syntax error, unexpected `do', expecting ')'
..._path, class: 'navbar-brand' do)); @output_buffer.safe_appen...
...                             ^~
/home/luan-alves/PersonalProject/RailsGuide/app/views/layouts/devise.html.erb:46: syntax error, unexpected `end'
          end
          ^~~
)

Information for: ActionView::SyntaxErrorInTemplate (Encountered a syntax error while rendering template located at: app/views/layouts/devise.html.erb):
1:    <!DOCTYPE html>
2:    <html>
3:      <head>
4:        <title>SafePassApp Secure Authentication</title>
5:        <meta name="viewport" content="width=device-width,initial-scale=1">
6:        <meta name="apple-mobile-web-app-capable" content="yes">
7:        <meta name="application-name" content="Rails Guide">
8:        <meta name="mobile-web-app-capable" content="yes">
9:        <%= csrf_meta_tags %>
10:        <%= csp_meta_tag %>
11:    
12:        <%= yield :head %>
13:    
14:        <%# Enable PWA manifest for installable apps (make sure to enable in config/routes.rb too!) %>
15:        <%#= tag.link rel: "manifest", href: pwa_manifest_path(format: :json) %>
16:    
17:        <link rel="icon" href="/icon.png" type="image/png">
18:        <link rel="icon" href="/icon.svg" type="image/svg+xml">
19:        <link rel="apple-touch-icon" href="/icon.png">
20:    
21:        <%# Includes all stylesheet files in app/assets/stylesheets %>
22:        <%= stylesheet_link_tag "application", "data-turbo-track": "reload" %>    
23:        <%= javascript_include_tag "application", "data-turbo-track": "reload", type: "module" %>
24:      </head>
25:    
26:      <body>
27:        <div class="vh-100">
28:            <div class="h-100 container d-flex flex-column justify-content-center align-items-center">
29:                <%= link_to(root_path, class: 'navbar-brand' do)%>
30:                    
31:                        <i class="bi bi-safe-fill me-2"></i> SafePass
32:                    
33:                <% end %>
34:                <div class="card shadow-sm w-100">
35:                    <div class="card-body">
36:                        <%= yield %>
37:                    </div>
38:                </div>
39:            </div>
40:        </div>
41:      </body>
42:    </html>
  
app/views/layouts/devise.html.erb:30: syntax error, unexpected `do', expecting ')'
app/views/layouts/devise.html.erb:46: syntax error, unexpected `end'

Information for cause: ActiveSupport::SyntaxErrorProxy (/home/luan-alves/PersonalProject/RailsGuide/app/views/layouts/devise.html.erb:30: syntax error, unexpected `do', expecting ')'
..._path, class: 'navbar-brand' do)); @output_buffer.safe_appen...
...                             ^~
/home/luan-alves/PersonalProject/RailsGuide/app/views/layouts/devise.html.erb:46: syntax error, unexpected `end'
          end
          ^~~
):
  
app/views/layouts/devise.html.erb:30: syntax error, unexpected `do', expecting ')'
app/views/layouts/devise.html.erb:46: syntax error, unexpected `end'
Started GET "/users/sign_in?class=navbar-brand" for 127.0.0.1 at 2026-02-05 09:56:02 -0300
Processing by Devise::SessionsController#new as HTML
  Parameters: {"class"=>"navbar-brand"}
  Rendering layout layouts/devise.html.erb
  Rendering devise/sessions/new.html.erb within layouts/devise
  Rendered devise/shared/_links.html.erb (Duration: 0.5ms | GC: 0.1ms)
  Rendered devise/sessions/new.html.erb within layouts/devise (Duration: 1.8ms | GC: 0.1ms)
  Rendered layout layouts/devise.html.erb (Duration: 2.5ms | GC: 0.1ms)
Completed 200 OK in 10ms (Views: 4.0ms | ActiveRecord: 2.1ms (0 queries, 0 cached) | GC: 0.1ms)


Started GET "/" for 127.0.0.1 at 2026-02-05 09:56:04 -0300
Processing by PagesController#home as HTML
  Rendering layout layouts/application.html.erb
  Rendering pages/home.html.erb within layouts/application
  Rendered pages/home.html.erb within layouts/application (Duration: 0.3ms | GC: 0.0ms)
  Rendered shared/_navbar.html.erb (Duration: 0.2ms | GC: 0.0ms)
  Rendered shared/_flash.html.erb (Duration: 0.1ms | GC: 0.0ms)
  Rendered layout layouts/application.html.erb (Duration: 2.6ms | GC: 0.0ms)
Completed 200 OK in 6ms (Views: 4.1ms | ActiveRecord: 0.0ms (0 queries, 0 cached) | GC: 0.2ms)


Started GET "/users/sign_in?class=navbar-brand" for 127.0.0.1 at 2026-02-05 09:58:38 -0300
Processing by Devise::SessionsController#new as HTML
  Parameters: {"class"=>"navbar-brand"}
  Rendering layout layouts/devise.html.erb
  Rendering devise/sessions/new.html.erb within layouts/devise
  Rendered devise/shared/_links.html.erb (Duration: 0.2ms | GC: 0.0ms)
  Rendered devise/sessions/new.html.erb within layouts/devise (Duration: 1.6ms | GC: 0.0ms)
  Rendered layout layouts/devise.html.erb (Duration: 9.7ms | GC: 0.0ms)
Completed 200 OK in 12ms (Views: 10.2ms | ActiveRecord: 0.0ms (0 queries, 0 cached) | GC: 0.3ms)


Started GET "/" for 127.0.0.1 at 2026-02-05 09:58:41 -0300
Processing by PagesController#home as HTML
  Rendering layout layouts/application.html.erb
  Rendering pages/home.html.erb within layouts/application
  Rendered pages/home.html.erb within layouts/application (Duration: 0.0ms | GC: 0.0ms)
  Rendered shared/_navbar.html.erb (Duration: 0.1ms | GC: 0.0ms)
  Rendered shared/_flash.html.erb (Duration: 0.0ms | GC: 0.0ms)
  Rendered layout layouts/application.html.erb (Duration: 7.8ms | GC: 0.0ms)
Completed 200 OK in 9ms (Views: 8.1ms | ActiveRecord: 0.0ms (0 queries, 0 cached) | GC: 0.0ms)


Started GET "/users/sign_in?class=navbar-brand" for 127.0.0.1 at 2026-02-05 09:58:50 -0300
Processing by Devise::SessionsController#new as HTML
  Parameters: {"class"=>"navbar-brand"}
  Rendering layout layouts/devise.html.erb
  Rendering devise/sessions/new.html.erb within layouts/devise
  Rendered devise/shared/_links.html.erb (Duration: 0.1ms | GC: 0.0ms)
  Rendered devise/sessions/new.html.erb within layouts/devise (Duration: 0.9ms | GC: 0.0ms)
  Rendered layout layouts/devise.html.erb (Duration: 6.6ms | GC: 0.0ms)
Completed 200 OK in 8ms (Views: 7.0ms | ActiveRecord: 0.0ms (0 queries, 0 cached) | GC: 0.1ms)


Started GET "/users/sign_in?class=navbar-brand" for 127.0.0.1 at 2026-02-05 09:58:58 -0300
Processing by Devise::SessionsController#new as HTML
  Parameters: {"class"=>"navbar-brand"}
  Rendering layout layouts/devise.html.erb
  Rendering devise/sessions/new.html.erb within layouts/devise
  Rendered devise/shared/_links.html.erb (Duration: 0.2ms | GC: 0.0ms)
  Rendered devise/sessions/new.html.erb within layouts/devise (Duration: 1.6ms | GC: 0.0ms)
  Rendered layout layouts/devise.html.erb (Duration: 9.0ms | GC: 0.0ms)
Completed 200 OK in 11ms (Views: 9.8ms | ActiveRecord: 0.0ms (0 queries, 0 cached) | GC: 0.3ms)


Started GET "/users/sign_in?class=navbar-brand" for 127.0.0.1 at 2026-02-05 09:58:59 -0300
Processing by Devise::SessionsController#new as HTML
  Parameters: {"class"=>"navbar-brand"}
  Rendering layout layouts/devise.html.erb
  Rendering devise/sessions/new.html.erb within layouts/devise
  Rendered devise/shared/_links.html.erb (Duration: 0.1ms | GC: 0.0ms)
  Rendered devise/sessions/new.html.erb within layouts/devise (Duration: 0.8ms | GC: 0.0ms)
  Rendered layout layouts/devise.html.erb (Duration: 7.0ms | GC: 0.1ms)
Completed 200 OK in 9ms (Views: 7.3ms | ActiveRecord: 0.0ms (0 queries, 0 cached) | GC: 0.1ms)


Started GET "/users/sign_in?class=navbar-brand" for 127.0.0.1 at 2026-02-05 09:59:09 -0300
Processing by Devise::SessionsController#new as HTML
  Parameters: {"class"=>"navbar-brand"}
  Rendering layout layouts/devise.html.erb
  Rendering devise/sessions/new.html.erb within layouts/devise
  Rendered devise/shared/_links.html.erb (Duration: 0.3ms | GC: 0.1ms)
  Rendered devise/sessions/new.html.erb within layouts/devise (Duration: 1.6ms | GC: 0.1ms)
  Rendered layout layouts/devise.html.erb (Duration: 8.7ms | GC: 0.1ms)
Completed 200 OK in 11ms (Views: 9.3ms | ActiveRecord: 0.0ms (0 queries, 0 cached) | GC: 0.1ms)


Started GET "/users/sign_in?class=navbar-brand" for 127.0.0.1 at 2026-02-05 09:59:15 -0300
Processing by Devise::SessionsController#new as HTML
  Parameters: {"class"=>"navbar-brand"}
  Rendering layout layouts/devise.html.erb
  Rendering devise/sessions/new.html.erb within layouts/devise
  Rendered devise/shared/_links.html.erb (Duration: 0.3ms | GC: 0.1ms)
  Rendered devise/sessions/new.html.erb within layouts/devise (Duration: 1.1ms | GC: 0.1ms)
  Rendered layout layouts/devise.html.erb (Duration: 2.9ms | GC: 0.1ms)
Completed 200 OK in 4ms (Views: 3.2ms | ActiveRecord: 0.0ms (0 queries, 0 cached) | GC: 0.1ms)


Started GET "/" for 127.0.0.1 at 2026-02-05 09:59:20 -0300
Processing by PagesController#home as HTML
  Rendering layout layouts/application.html.erb
  Rendering pages/home.html.erb within layouts/application
  Rendered pages/home.html.erb within layouts/application (Duration: 0.0ms | GC: 0.0ms)
  Rendered shared/_navbar.html.erb (Duration: 0.1ms | GC: 0.0ms)
  Rendered shared/_flash.html.erb (Duration: 0.0ms | GC: 0.0ms)
  Rendered layout layouts/application.html.erb (Duration: 1.3ms | GC: 0.1ms)
Completed 200 OK in 3ms (Views: 1.7ms | ActiveRecord: 0.0ms (0 queries, 0 cached) | GC: 0.1ms)


Started GET "/users/sign_in?class=navbar-brand" for 127.0.0.1 at 2026-02-05 09:59:32 -0300
Processing by Devise::SessionsController#new as HTML
  Parameters: {"class"=>"navbar-brand"}
  Rendering layout layouts/devise.html.erb
  Rendering devise/sessions/new.html.erb within layouts/devise
  Rendered devise/shared/_links.html.erb (Duration: 0.2ms | GC: 0.1ms)
  Rendered devise/sessions/new.html.erb within layouts/devise (Duration: 0.8ms | GC: 0.1ms)
  Rendered layout layouts/devise.html.erb (Duration: 6.9ms | GC: 0.8ms)
Completed 200 OK in 8ms (Views: 7.3ms | ActiveRecord: 0.0ms (0 queries, 0 cached) | GC: 0.8ms)


Started GET "/users/sign_in?class=navbar-brand" for 127.0.0.1 at 2026-02-05 09:59:39 -0300
Processing by Devise::SessionsController#new as HTML
  Parameters: {"class"=>"navbar-brand"}
  Rendering layout layouts/devise.html.erb
  Rendering devise/sessions/new.html.erb within layouts/devise
  Rendered devise/shared/_links.html.erb (Duration: 0.1ms | GC: 0.0ms)
  Rendered devise/sessions/new.html.erb within layouts/devise (Duration: 1.1ms | GC: 0.3ms)
  Rendered layout layouts/devise.html.erb (Duration: 2.5ms | GC: 0.3ms)
Completed 200 OK in 4ms (Views: 2.9ms | ActiveRecord: 0.0ms (0 queries, 0 cached) | GC: 0.3ms)


Started GET "/users/sign_in?class=navbar-brand" for 127.0.0.1 at 2026-02-05 09:59:46 -0300
Processing by Devise::SessionsController#new as HTML
  Parameters: {"class"=>"navbar-brand"}
  Rendering layout layouts/devise.html.erb
  Rendering devise/sessions/new.html.erb within layouts/devise
  Rendered devise/shared/_links.html.erb (Duration: 0.2ms | GC: 0.0ms)
  Rendered devise/sessions/new.html.erb within layouts/devise (Duration: 1.4ms | GC: 0.0ms)
  Rendered layout layouts/devise.html.erb (Duration: 2.6ms | GC: 0.0ms)
Completed 200 OK in 5ms (Views: 3.4ms | ActiveRecord: 0.0ms (0 queries, 0 cached) | GC: 0.0ms)


Started GET "/users/sign_in?class=navbar-brand" for 127.0.0.1 at 2026-02-05 09:59:50 -0300
Processing by Devise::SessionsController#new as HTML
  Parameters: {"class"=>"navbar-brand"}
  Rendering layout layouts/devise.html.erb
  Rendering devise/sessions/new.html.erb within layouts/devise
  Rendered devise/shared/_links.html.erb (Duration: 0.2ms | GC: 0.0ms)
  Rendered devise/sessions/new.html.erb within layouts/devise (Duration: 1.5ms | GC: 0.0ms)
  Rendered layout layouts/devise.html.erb (Duration: 6.1ms | GC: 0.0ms)
Completed 200 OK in 8ms (Views: 7.0ms | ActiveRecord: 0.0ms (0 queries, 0 cached) | GC: 0.3ms)


Started GET "/users/sign_in?class=navbar-brand" for 127.0.0.1 at 2026-02-05 10:01:05 -0300
Processing by Devise::SessionsController#new as HTML
  Parameters: {"class"=>"navbar-brand"}
  Rendering layout layouts/devise.html.erb
  Rendering devise/sessions/new.html.erb within layouts/devise
  Rendered devise/shared/_links.html.erb (Duration: 0.1ms | GC: 0.0ms)
  Rendered devise/sessions/new.html.erb within layouts/devise (Duration: 1.1ms | GC: 0.0ms)
  Rendered layout layouts/devise.html.erb (Duration: 7.2ms | GC: 0.0ms)
Completed 200 OK in 9ms (Views: 7.5ms | ActiveRecord: 0.0ms (0 queries, 0 cached) | GC: 0.2ms)


Started GET "/users/sign_in?class=navbar-brand" for 127.0.0.1 at 2026-02-05 10:01:23 -0300
Processing by Devise::SessionsController#new as HTML
  Parameters: {"class"=>"navbar-brand"}
  Rendering layout layouts/devise.html.erb
  Rendering devise/sessions/new.html.erb within layouts/devise
  Rendered devise/shared/_links.html.erb (Duration: 0.4ms | GC: 0.0ms)
  Rendered devise/sessions/new.html.erb within layouts/devise (Duration: 1.5ms | GC: 0.0ms)
  Rendered layout layouts/devise.html.erb (Duration: 2.0ms | GC: 0.0ms)
Completed 200 OK in 6ms (Views: 3.0ms | ActiveRecord: 0.0ms (0 queries, 0 cached) | GC: 0.1ms)


Started GET "/" for 127.0.0.1 at 2026-02-05 10:02:59 -0300
Processing by PagesController#home as HTML
  Rendering layout layouts/application.html.erb
  Rendering pages/home.html.erb within layouts/application
  Rendered pages/home.html.erb within layouts/application (Duration: 0.2ms | GC: 0.0ms)
  Rendered shared/_navbar.html.erb (Duration: 0.3ms | GC: 0.0ms)
  Rendered shared/_flash.html.erb (Duration: 0.1ms | GC: 0.0ms)
  Rendered layout layouts/application.html.erb (Duration: 2.0ms | GC: 0.0ms)
Completed 200 OK in 4ms (Views: 2.9ms | ActiveRecord: 0.0ms (0 queries, 0 cached) | GC: 0.0ms)


Started GET "/users/sign_in?class=navbar-brand" for 127.0.0.1 at 2026-02-05 10:06:24 -0300
Processing by Devise::SessionsController#new as HTML
  Parameters: {"class"=>"navbar-brand"}
  Rendering layout layouts/devise.html.erb
  Rendering devise/sessions/new.html.erb within layouts/devise
  Rendered devise/shared/_links.html.erb (Duration: 0.4ms | GC: 0.0ms)
  Rendered devise/sessions/new.html.erb within layouts/devise (Duration: 1.4ms | GC: 0.0ms)
  Rendered layout layouts/devise.html.erb (Duration: 1.9ms | GC: 0.0ms)
Completed 200 OK in 5ms (Views: 2.7ms | ActiveRecord: 0.0ms (0 queries, 0 cached) | GC: 0.0ms)


Started GET "/users/sign_up" for 127.0.0.1 at 2026-02-05 10:12:47 -0300
Processing by Devise::RegistrationsController#new as HTML
  Rendering layout layouts/devise.html.erb
  Rendering devise/registrations/new.html.erb within layouts/devise
  Rendered devise/shared/_error_messages.html.erb (Duration: 0.2ms | GC: 0.0ms)
  Rendered devise/shared/_links.html.erb (Duration: 0.1ms | GC: 0.0ms)
  Rendered devise/registrations/new.html.erb within layouts/devise (Duration: 1.6ms | GC: 0.0ms)
  Rendered layout layouts/devise.html.erb (Duration: 1.8ms | GC: 0.0ms)
Completed 200 OK in 3ms (Views: 2.2ms | ActiveRecord: 0.0ms (0 queries, 0 cached) | GC: 0.0ms)


Started GET "/users/sign_in" for 127.0.0.1 at 2026-02-05 10:12:51 -0300
Processing by Devise::SessionsController#new as HTML
  Rendering layout layouts/devise.html.erb
  Rendering devise/sessions/new.html.erb within layouts/devise
  Rendered devise/shared/_links.html.erb (Duration: 0.1ms | GC: 0.0ms)
  Rendered devise/sessions/new.html.erb within layouts/devise (Duration: 1.2ms | GC: 0.0ms)
  Rendered layout layouts/devise.html.erb (Duration: 1.6ms | GC: 0.0ms)
Completed 200 OK in 4ms (Views: 1.9ms | ActiveRecord: 0.0ms (0 queries, 0 cached) | GC: 0.0ms)


Started GET "/users/password/new" for 127.0.0.1 at 2026-02-05 10:12:53 -0300
Processing by Devise::PasswordsController#new as HTML
  Rendering layout layouts/devise.html.erb
  Rendering devise/passwords/new.html.erb within layouts/devise
  Rendered devise/shared/_error_messages.html.erb (Duration: 0.0ms | GC: 0.0ms)
  Rendered devise/shared/_links.html.erb (Duration: 0.3ms | GC: 0.0ms)
  Rendered devise/passwords/new.html.erb within layouts/devise (Duration: 2.3ms | GC: 0.0ms)
  Rendered layout layouts/devise.html.erb (Duration: 2.8ms | GC: 0.0ms)
Completed 200 OK in 6ms (Views: 3.7ms | ActiveRecord: 0.0ms (0 queries, 0 cached) | GC: 0.0ms)


Started GET "/users/sign_up" for 127.0.0.1 at 2026-02-05 10:13:02 -0300
Processing by Devise::RegistrationsController#new as HTML
  Rendering layout layouts/devise.html.erb
  Rendering devise/registrations/new.html.erb within layouts/devise
  Rendered devise/shared/_error_messages.html.erb (Duration: 0.0ms | GC: 0.0ms)
  Rendered devise/shared/_links.html.erb (Duration: 0.1ms | GC: 0.0ms)
  Rendered devise/registrations/new.html.erb within layouts/devise (Duration: 1.8ms | GC: 0.0ms)
  Rendered layout layouts/devise.html.erb (Duration: 2.4ms | GC: 0.0ms)
Completed 200 OK in 5ms (Views: 2.9ms | ActiveRecord: 0.0ms (0 queries, 0 cached) | GC: 0.0ms)


Started GET "/users/sign_in" for 127.0.0.1 at 2026-02-05 10:13:09 -0300
Processing by Devise::SessionsController#new as HTML
  Rendering layout layouts/devise.html.erb
  Rendering devise/sessions/new.html.erb within layouts/devise
  Rendered devise/shared/_links.html.erb (Duration: 0.1ms | GC: 0.0ms)
  Rendered devise/sessions/new.html.erb within layouts/devise (Duration: 0.9ms | GC: 0.0ms)
  Rendered layout layouts/devise.html.erb (Duration: 1.1ms | GC: 0.0ms)
Completed 200 OK in 6ms (Views: 1.4ms | ActiveRecord: 0.0ms (0 queries, 0 cached) | GC: 3.2ms)


Started GET "/users/password/new" for 127.0.0.1 at 2026-02-05 10:13:10 -0300
Processing by Devise::PasswordsController#new as HTML
  Rendering layout layouts/devise.html.erb
  Rendering devise/passwords/new.html.erb within layouts/devise
  Rendered devise/shared/_error_messages.html.erb (Duration: 0.0ms | GC: 0.0ms)
  Rendered devise/shared/_links.html.erb (Duration: 0.2ms | GC: 0.0ms)
  Rendered devise/passwords/new.html.erb within layouts/devise (Duration: 1.5ms | GC: 0.0ms)
  Rendered layout layouts/devise.html.erb (Duration: 2.5ms | GC: 0.4ms)
Completed 200 OK in 5ms (Views: 3.0ms | ActiveRecord: 0.0ms (0 queries, 0 cached) | GC: 0.4ms)


Started GET "/users/sign_in" for 127.0.0.1 at 2026-02-05 10:14:54 -0300
Processing by Devise::SessionsController#new as HTML
  Rendering layout layouts/devise.html.erb
  Rendering devise/sessions/new.html.erb within layouts/devise
  Rendered devise/shared/_links.html.erb (Duration: 0.4ms | GC: 0.1ms)
  Rendered devise/sessions/new.html.erb within layouts/devise (Duration: 1.5ms | GC: 0.1ms)
  Rendered layout layouts/devise.html.erb (Duration: 2.1ms | GC: 0.1ms)
Completed 200 OK in 6ms (Views: 2.9ms | ActiveRecord: 0.0ms (0 queries, 0 cached) | GC: 0.3ms)


Started GET "/users/sign_in" for 127.0.0.1 at 2026-02-05 10:22:44 -0300
Processing by Devise::SessionsController#new as HTML
  Rendering layout layouts/devise.html.erb
  Rendering devise/sessions/new.html.erb within layouts/devise
  Rendered devise/shared/_links.html.erb (Duration: 0.5ms | GC: 0.0ms)
  Rendered devise/sessions/new.html.erb within layouts/devise (Duration: 1.8ms | GC: 0.1ms)
  Rendered layout layouts/devise.html.erb (Duration: 2.3ms | GC: 0.1ms)
Completed 200 OK in 6ms (Views: 3.4ms | ActiveRecord: 0.0ms (0 queries, 0 cached) | GC: 0.2ms)


Started GET "/users/sign_up" for 127.0.0.1 at 2026-02-05 10:23:01 -0300
Processing by Devise::RegistrationsController#new as HTML
  Rendering layout layouts/devise.html.erb
  Rendering devise/registrations/new.html.erb within layouts/devise
  Rendered devise/shared/_error_messages.html.erb (Duration: 0.3ms | GC: 0.0ms)
  Rendered devise/shared/_links.html.erb (Duration: 0.1ms | GC: 0.0ms)
  Rendered devise/registrations/new.html.erb within layouts/devise (Duration: 2.2ms | GC: 0.0ms)
  Rendered layout layouts/devise.html.erb (Duration: 2.6ms | GC: 0.0ms)
Completed 200 OK in 5ms (Views: 3.3ms | ActiveRecord: 0.0ms (0 queries, 0 cached) | GC: 0.2ms)


Started GET "/users/sign_in" for 127.0.0.1 at 2026-02-05 10:23:06 -0300
Processing by Devise::SessionsController#new as HTML
  Rendering layout layouts/devise.html.erb
  Rendering devise/sessions/new.html.erb within layouts/devise
  Rendered devise/shared/_links.html.erb (Duration: 0.2ms | GC: 0.0ms)
  Rendered devise/sessions/new.html.erb within layouts/devise (Duration: 1.5ms | GC: 0.0ms)
  Rendered layout layouts/devise.html.erb (Duration: 2.0ms | GC: 0.0ms)
Completed 200 OK in 4ms (Views: 2.5ms | ActiveRecord: 0.0ms (0 queries, 0 cached) | GC: 0.0ms)


Started POST "/users/sign_in" for 127.0.0.1 at 2026-02-05 10:23:08 -0300
Processing by Devise::SessionsController#create as TURBO_STREAM
  Parameters: {"authenticity_token"=>"[FILTERED]", "user"=>{"email"=>"[FILTERED]", "password"=>"[FILTERED]", "remember_me"=>"0"}, "commit"=>"Sign in"}
Completed 401 Unauthorized in 2ms (ActiveRecord: 0.0ms (0 queries, 0 cached) | GC: 0.0ms)


Processing by Devise::SessionsController#new as TURBO_STREAM
  Parameters: {"authenticity_token"=>"[FILTERED]", "user"=>{"email"=>"[FILTERED]", "password"=>"[FILTERED]", "remember_me"=>"0"}, "commit"=>"Sign in"}
  Rendering layout layouts/devise.html.erb
  Rendering devise/sessions/new.html.erb within layouts/devise
  Rendered devise/shared/_links.html.erb (Duration: 0.1ms | GC: 0.0ms)
  Rendered devise/sessions/new.html.erb within layouts/devise (Duration: 0.9ms | GC: 0.0ms)
  Rendered layout layouts/devise.html.erb (Duration: 1.2ms | GC: 0.0ms)
Completed 200 OK in 2ms (Views: 1.5ms | ActiveRecord: 0.0ms (0 queries, 0 cached) | GC: 0.0ms)


Started GET "/" for 127.0.0.1 at 2026-02-05 10:26:58 -0300
Processing by PagesController#home as HTML
  Rendering layout layouts/application.html.erb
  Rendering pages/home.html.erb within layouts/application
  Rendered pages/home.html.erb within layouts/application (Duration: 0.1ms | GC: 0.0ms)
  Rendered shared/_navbar.html.erb (Duration: 0.2ms | GC: 0.0ms)
  Rendered shared/_flash.html.erb (Duration: 0.1ms | GC: 0.0ms)
  Rendered layout layouts/application.html.erb (Duration: 1.6ms | GC: 0.2ms)
Completed 200 OK in 3ms (Views: 2.2ms | ActiveRecord: 0.0ms (0 queries, 0 cached) | GC: 0.4ms)


Started GET "/users/password/new" for 127.0.0.1 at 2026-02-05 10:27:09 -0300
Processing by Devise::PasswordsController#new as HTML
  Rendering layout layouts/devise.html.erb
  Rendering devise/passwords/new.html.erb within layouts/devise
  Rendered devise/shared/_error_messages.html.erb (Duration: 0.2ms | GC: 0.0ms)
  Rendered devise/shared/_links.html.erb (Duration: 0.5ms | GC: 0.0ms)
  Rendered devise/passwords/new.html.erb within layouts/devise (Duration: 2.3ms | GC: 0.2ms)
  Rendered layout layouts/devise.html.erb (Duration: 2.9ms | GC: 0.2ms)
Completed 200 OK in 9ms (Views: 3.9ms | ActiveRecord: 0.0ms (0 queries, 0 cached) | GC: 0.2ms)


Started GET "/users/sign_up" for 127.0.0.1 at 2026-02-05 10:43:26 -0300
Processing by Devise::RegistrationsController#new as HTML
  Rendering layout layouts/devise.html.erb
  Rendering devise/registrations/new.html.erb within layouts/devise
  Rendered devise/shared/_error_messages.html.erb (Duration: 0.4ms | GC: 0.0ms)
  Rendered devise/shared/_links.html.erb (Duration: 0.7ms | GC: 0.0ms)
  Rendered devise/registrations/new.html.erb within layouts/devise (Duration: 26.6ms | GC: 1.1ms)
  Rendered layout layouts/devise.html.erb (Duration: 28.5ms | GC: 1.1ms)
Completed 200 OK in 64ms (Views: 40.2ms | ActiveRecord: 0.0ms (0 queries, 0 cached) | GC: 1.1ms)


Started GET "/users/sign_in" for 127.0.0.1 at 2026-02-05 10:43:37 -0300
Processing by Devise::SessionsController#new as HTML
  Rendering layout layouts/devise.html.erb
  Rendering devise/sessions/new.html.erb within layouts/devise
  Rendered devise/shared/_links.html.erb (Duration: 0.3ms | GC: 0.0ms)
  Rendered devise/sessions/new.html.erb within layouts/devise (Duration: 10.3ms | GC: 1.4ms)
  Rendered layout layouts/devise.html.erb (Duration: 11.1ms | GC: 1.4ms)
Completed 200 OK in 15ms (Views: 12.5ms | ActiveRecord: 0.0ms (0 queries, 0 cached) | GC: 1.4ms)


Started GET "/users/sign_in" for 127.0.0.1 at 2026-02-05 10:43:38 -0300
Processing by Devise::SessionsController#new as HTML
  Rendering layout layouts/devise.html.erb
  Rendering devise/sessions/new.html.erb within layouts/devise
  Rendered devise/shared/_links.html.erb (Duration: 0.2ms | GC: 0.0ms)
  Rendered devise/sessions/new.html.erb within layouts/devise (Duration: 2.3ms | GC: 0.0ms)
  Rendered layout layouts/devise.html.erb (Duration: 3.1ms | GC: 0.0ms)
Completed 200 OK in 13ms (Views: 9.5ms | ActiveRecord: 0.0ms (0 queries, 0 cached) | GC: 1.4ms)


Started GET "/users/sign_in" for 127.0.0.1 at 2026-02-05 10:53:06 -0300
Processing by Devise::SessionsController#new as HTML
  Rendering layout layouts/devise.html.erb
  Rendering devise/sessions/new.html.erb within layouts/devise
  Rendered devise/shared/_links.html.erb (Duration: 1.1ms | GC: 0.0ms)
  Rendered devise/sessions/new.html.erb within layouts/devise (Duration: 6.6ms | GC: 0.6ms)
  Rendered layout layouts/devise.html.erb (Duration: 7.7ms | GC: 0.6ms)
Completed 200 OK in 23ms (Views: 10.6ms | ActiveRecord: 0.0ms (0 queries, 0 cached) | GC: 1.6ms)


Started GET "/" for 127.0.0.1 at 2026-02-05 10:53:07 -0300
Processing by PagesController#home as HTML
  Rendering layout layouts/application.html.erb
  Rendering pages/home.html.erb within layouts/application
  Rendered pages/home.html.erb within layouts/application (Duration: 0.3ms | GC: 0.0ms)
  Rendered shared/_navbar.html.erb (Duration: 0.4ms | GC: 0.0ms)
  Rendered shared/_flash.html.erb (Duration: 0.4ms | GC: 0.0ms)
  Rendered layout layouts/application.html.erb (Duration: 3.0ms | GC: 0.0ms)
Completed 200 OK in 9ms (Views: 7.3ms | ActiveRecord: 0.0ms (0 queries, 0 cached) | GC: 0.8ms)


Started GET "/" for 127.0.0.1 at 2026-02-05 11:00:30 -0300
Processing by PagesController#home as HTML
  Rendering layout layouts/application.html.erb
  Rendering pages/home.html.erb within layouts/application
  Rendered pages/home.html.erb within layouts/application (Duration: 0.4ms | GC: 0.0ms)
  Rendered shared/_navbar.html.erb (Duration: 0.7ms | GC: 0.0ms)
  Rendered shared/_flash.html.erb (Duration: 0.3ms | GC: 0.0ms)
  Rendered layout layouts/application.html.erb (Duration: 4.1ms | GC: 0.0ms)
Completed 200 OK in 19ms (Views: 18.0ms | ActiveRecord: 0.0ms (0 queries, 0 cached) | GC: 5.3ms)


Started GET "/" for 127.0.0.1 at 2026-02-05 11:00:31 -0300
Processing by PagesController#home as HTML
  Rendering layout layouts/application.html.erb
  Rendering pages/home.html.erb within layouts/application
  Rendered pages/home.html.erb within layouts/application (Duration: 0.0ms | GC: 0.0ms)
  Rendered shared/_navbar.html.erb (Duration: 0.2ms | GC: 0.0ms)
  Rendered shared/_flash.html.erb (Duration: 0.0ms | GC: 0.0ms)
  Rendered layout layouts/application.html.erb (Duration: 1.6ms | GC: 0.0ms)
Completed 200 OK in 3ms (Views: 2.2ms | ActiveRecord: 0.0ms (0 queries, 0 cached) | GC: 0.0ms)


Started GET "/" for 127.0.0.1 at 2026-02-05 16:58:38 -0300
Processing by PagesController#home as HTML
  Rendering layout layouts/application.html.erb
  Rendering pages/home.html.erb within layouts/application
  Rendered pages/home.html.erb within layouts/application (Duration: 1.6ms | GC: 0.0ms)
  Rendered shared/_navbar.html.erb (Duration: 3.0ms | GC: 0.0ms)
  Rendered shared/_flash.html.erb (Duration: 1.2ms | GC: 0.0ms)
  Rendered layout layouts/application.html.erb (Duration: 22.5ms | GC: 0.0ms)
Completed 200 OK in 48ms (Views: 33.0ms | ActiveRecord: 0.0ms (0 queries, 0 cached) | GC: 0.0ms)


Started GET "/about" for 127.0.0.1 at 2026-02-05 16:58:40 -0300
Processing by PagesController#about as HTML
  Rendering layout layouts/application.html.erb
  Rendering pages/about.html.erb within layouts/application
  Rendered pages/about.html.erb within layouts/application (Duration: 4.4ms | GC: 0.0ms)
  Rendered shared/_navbar.html.erb (Duration: 0.1ms | GC: 0.0ms)
  Rendered shared/_flash.html.erb (Duration: 0.0ms | GC: 0.0ms)
  Rendered layout layouts/application.html.erb (Duration: 5.9ms | GC: 0.0ms)
Completed 200 OK in 9ms (Views: 6.3ms | ActiveRecord: 0.0ms (0 queries, 0 cached) | GC: 0.0ms)


Started GET "/about" for 127.0.0.1 at 2026-02-05 16:58:40 -0300
Processing by PagesController#about as HTML
  Rendering layout layouts/application.html.erb
  Rendering pages/about.html.erb within layouts/application
  Rendered pages/about.html.erb within layouts/application (Duration: 0.1ms | GC: 0.0ms)
  Rendered shared/_navbar.html.erb (Duration: 0.3ms | GC: 0.0ms)
  Rendered shared/_flash.html.erb (Duration: 0.1ms | GC: 0.0ms)
  Rendered layout layouts/application.html.erb (Duration: 4.6ms | GC: 0.0ms)
Completed 200 OK in 7ms (Views: 5.5ms | ActiveRecord: 0.0ms (0 queries, 0 cached) | GC: 0.0ms)


Started GET "/" for 127.0.0.1 at 2026-02-05 17:00:52 -0300
Processing by PagesController#home as HTML
  Rendering layout layouts/application.html.erb
  Rendering pages/home.html.erb within layouts/application
  Rendered pages/home.html.erb within layouts/application (Duration: 0.4ms | GC: 0.0ms)
  Rendered shared/_navbar.html.erb (Duration: 0.9ms | GC: 0.0ms)
  Rendered shared/_flash.html.erb (Duration: 0.2ms | GC: 0.0ms)
  Rendered layout layouts/application.html.erb (Duration: 3.5ms | GC: 0.1ms)
Completed 200 OK in 7ms (Views: 5.8ms | ActiveRecord: 0.0ms (0 queries, 0 cached) | GC: 0.1ms)


Started GET "/users/sign_in" for 127.0.0.1 at 2026-02-05 17:00:55 -0300
Processing by Devise::SessionsController#new as HTML
  Rendering layout layouts/devise.html.erb
  Rendering devise/sessions/new.html.erb within layouts/devise
  Rendered devise/shared/_links.html.erb (Duration: 0.8ms | GC: 0.1ms)
  Rendered devise/sessions/new.html.erb within layouts/devise (Duration: 6.4ms | GC: 0.1ms)
  Rendered layout layouts/devise.html.erb (Duration: 7.5ms | GC: 0.1ms)
Completed 200 OK in 24ms (Views: 9.8ms | ActiveRecord: 0.0ms (0 queries, 0 cached) | GC: 0.3ms)


Started GET "/users/sign_up" for 127.0.0.1 at 2026-02-05 17:00:57 -0300
Processing by Devise::RegistrationsController#new as HTML
  Rendering layout layouts/devise.html.erb
  Rendering devise/registrations/new.html.erb within layouts/devise
  Rendered devise/shared/_error_messages.html.erb (Duration: 0.5ms | GC: 0.0ms)
  Rendered devise/shared/_links.html.erb (Duration: 0.2ms | GC: 0.0ms)
  Rendered devise/registrations/new.html.erb within layouts/devise (Duration: 3.4ms | GC: 0.2ms)
  Rendered layout layouts/devise.html.erb (Duration: 4.1ms | GC: 0.2ms)
Completed 200 OK in 9ms (Views: 5.5ms | ActiveRecord: 0.0ms (0 queries, 0 cached) | GC: 0.2ms)


Started GET "/users/sign_in" for 127.0.0.1 at 2026-02-05 17:00:59 -0300
Processing by Devise::SessionsController#new as HTML
  Rendering layout layouts/devise.html.erb
  Rendering devise/sessions/new.html.erb within layouts/devise
  Rendered devise/shared/_links.html.erb (Duration: 0.2ms | GC: 0.0ms)
  Rendered devise/sessions/new.html.erb within layouts/devise (Duration: 1.8ms | GC: 0.2ms)
  Rendered layout layouts/devise.html.erb (Duration: 2.4ms | GC: 0.2ms)
Completed 200 OK in 6ms (Views: 2.9ms | ActiveRecord: 0.0ms (0 queries, 0 cached) | GC: 0.2ms)


Started GET "/about" for 127.0.0.1 at 2026-02-05 17:01:03 -0300
Processing by PagesController#about as HTML
  Rendering layout layouts/application.html.erb
  Rendering pages/about.html.erb within layouts/application
  Rendered pages/about.html.erb within layouts/application (Duration: 0.4ms | GC: 0.0ms)
  Rendered shared/_navbar.html.erb (Duration: 0.2ms | GC: 0.0ms)
  Rendered shared/_flash.html.erb (Duration: 0.0ms | GC: 0.0ms)
  Rendered layout layouts/application.html.erb (Duration: 2.1ms | GC: 0.0ms)
Completed 200 OK in 4ms (Views: 2.6ms | ActiveRecord: 0.0ms (0 queries, 0 cached) | GC: 0.2ms)


Started GET "/" for 127.0.0.1 at 2026-02-05 17:01:03 -0300
Processing by PagesController#home as HTML
  Rendering layout layouts/application.html.erb
  Rendering pages/home.html.erb within layouts/application
  Rendered pages/home.html.erb within layouts/application (Duration: 0.0ms | GC: 0.0ms)
  Rendered shared/_navbar.html.erb (Duration: 0.3ms | GC: 0.0ms)
  Rendered shared/_flash.html.erb (Duration: 0.2ms | GC: 0.2ms)
  Rendered layout layouts/application.html.erb (Duration: 2.3ms | GC: 0.2ms)
Completed 200 OK in 4ms (Views: 2.9ms | ActiveRecord: 0.0ms (0 queries, 0 cached) | GC: 0.2ms)


Started GET "/about" for 127.0.0.1 at 2026-02-05 17:01:04 -0300
Processing by PagesController#about as HTML
  Rendering layout layouts/application.html.erb
  Rendering pages/about.html.erb within layouts/application
  Rendered pages/about.html.erb within layouts/application (Duration: 0.0ms | GC: 0.0ms)
  Rendered shared/_navbar.html.erb (Duration: 0.3ms | GC: 0.0ms)
  Rendered shared/_flash.html.erb (Duration: 0.1ms | GC: 0.0ms)
  Rendered layout layouts/application.html.erb (Duration: 3.5ms | GC: 0.0ms)
Completed 200 OK in 6ms (Views: 4.3ms | ActiveRecord: 0.0ms (0 queries, 0 cached) | GC: 0.2ms)


Started GET "/" for 127.0.0.1 at 2026-02-05 17:01:04 -0300
Processing by PagesController#home as HTML
  Rendering layout layouts/application.html.erb
  Rendering pages/home.html.erb within layouts/application
  Rendered pages/home.html.erb within layouts/application (Duration: 0.0ms | GC: 0.0ms)
  Rendered shared/_navbar.html.erb (Duration: 0.3ms | GC: 0.0ms)
  Rendered shared/_flash.html.erb (Duration: 0.1ms | GC: 0.0ms)
  Rendered layout layouts/application.html.erb (Duration: 1.7ms | GC: 0.0ms)
Completed 200 OK in 3ms (Views: 2.1ms | ActiveRecord: 0.0ms (0 queries, 0 cached) | GC: 0.0ms)


Started GET "/" for 127.0.0.1 at 2026-02-05 17:02:03 -0300
Processing by PagesController#home as HTML
  Rendering layout layouts/application.html.erb
  Rendering pages/home.html.erb within layouts/application
  Rendered pages/home.html.erb within layouts/application (Duration: 0.0ms | GC: 0.0ms)
  Rendered shared/_navbar.html.erb (Duration: 0.3ms | GC: 0.0ms)
  Rendered shared/_flash.html.erb (Duration: 0.1ms | GC: 0.0ms)
  Rendered layout layouts/application.html.erb (Duration: 2.1ms | GC: 0.0ms)
Completed 200 OK in 4ms (Views: 2.6ms | ActiveRecord: 0.0ms (0 queries, 0 cached) | GC: 0.0ms)


Started GET "/" for 127.0.0.1 at 2026-02-05 17:03:45 -0300
Processing by PagesController#home as HTML
  Rendering layout layouts/application.html.erb
  Rendering pages/home.html.erb within layouts/application
  Rendered pages/home.html.erb within layouts/application (Duration: 0.2ms | GC: 0.0ms)
  Rendered shared/_navbar.html.erb (Duration: 0.4ms | GC: 0.0ms)
  Rendered shared/_flash.html.erb (Duration: 0.1ms | GC: 0.0ms)
  Rendered layout layouts/application.html.erb (Duration: 2.9ms | GC: 0.0ms)
Completed 200 OK in 5ms (Views: 3.9ms | ActiveRecord: 0.0ms (0 queries, 0 cached) | GC: 0.0ms)


Started GET "/secure/sign_in" for 127.0.0.1 at 2026-02-05 17:03:47 -0300
Processing by Devise::SessionsController#new as HTML
  Rendering layout layouts/devise.html.erb
  Rendering devise/sessions/new.html.erb within layouts/devise
  Rendered devise/shared/_links.html.erb (Duration: 0.7ms | GC: 0.0ms)
  Rendered devise/sessions/new.html.erb within layouts/devise (Duration: 3.2ms | GC: 0.0ms)
  Rendered layout layouts/devise.html.erb (Duration: 4.2ms | GC: 0.0ms)
Completed 200 OK in 15ms (Views: 6.1ms | ActiveRecord: 0.0ms (0 queries, 0 cached) | GC: 0.0ms)


Started GET "/" for 127.0.0.1 at 2026-02-05 17:30:45 -0300
Processing by PagesController#home as HTML
  Rendering layout layouts/application.html.erb
  Rendering pages/home.html.erb within layouts/application
  Rendered pages/home.html.erb within layouts/application (Duration: 0.3ms | GC: 0.0ms)
  Rendered shared/_navbar.html.erb (Duration: 1.8ms | GC: 0.0ms)
  Rendered shared/_flash.html.erb (Duration: 0.1ms | GC: 0.0ms)
  Rendered layout layouts/application.html.erb (Duration: 5.3ms | GC: 0.2ms)
Completed 200 OK in 9ms (Views: 7.4ms | ActiveRecord: 0.0ms (0 queries, 0 cached) | GC: 0.2ms)


Started GET "/" for 127.0.0.1 at 2026-02-05 17:30:46 -0300
Processing by PagesController#home as HTML
  Rendering layout layouts/application.html.erb
  Rendering pages/home.html.erb within layouts/application
  Rendered pages/home.html.erb within layouts/application (Duration: 0.0ms | GC: 0.0ms)
  Rendered shared/_navbar.html.erb (Duration: 0.2ms | GC: 0.0ms)
  Rendered shared/_flash.html.erb (Duration: 0.0ms | GC: 0.0ms)
  Rendered layout layouts/application.html.erb (Duration: 1.2ms | GC: 0.0ms)
Completed 200 OK in 5ms (Views: 1.6ms | ActiveRecord: 0.0ms (0 queries, 0 cached) | GC: 0.5ms)


Started GET "/secure/sign_in" for 127.0.0.1 at 2026-02-05 17:31:40 -0300
Processing by Devise::SessionsController#new as HTML
  Rendering layout layouts/devise.html.erb
  Rendering devise/sessions/new.html.erb within layouts/devise
  Rendered devise/shared/_links.html.erb (Duration: 0.5ms | GC: 0.0ms)
  Rendered devise/sessions/new.html.erb within layouts/devise (Duration: 3.7ms | GC: 0.0ms)
  Rendered layout layouts/devise.html.erb (Duration: 4.5ms | GC: 0.0ms)
Completed 200 OK in 14ms (Views: 6.3ms | ActiveRecord: 0.0ms (0 queries, 0 cached) | GC: 0.0ms)


Started GET "/secure/sign_in" for 127.0.0.1 at 2026-02-05 17:31:41 -0300
Processing by Devise::SessionsController#new as HTML
  Rendering layout layouts/devise.html.erb
  Rendering devise/sessions/new.html.erb within layouts/devise
  Rendered devise/shared/_links.html.erb (Duration: 0.2ms | GC: 0.0ms)
  Rendered devise/sessions/new.html.erb within layouts/devise (Duration: 1.1ms | GC: 0.0ms)
  Rendered layout layouts/devise.html.erb (Duration: 1.4ms | GC: 0.0ms)
Completed 200 OK in 3ms (Views: 1.7ms | ActiveRecord: 0.0ms (0 queries, 0 cached) | GC: 0.0ms)


Started GET "/" for 127.0.0.1 at 2026-02-05 17:32:52 -0300
Processing by PagesController#home as HTML
  Rendering layout layouts/application.html.erb
  Rendering pages/home.html.erb within layouts/application
  Rendered pages/home.html.erb within layouts/application (Duration: 0.1ms | GC: 0.0ms)
  Rendered shared/_navbar.html.erb (Duration: 0.4ms | GC: 0.0ms)
  Rendered shared/_flash.html.erb (Duration: 0.2ms | GC: 0.0ms)
  Rendered layout layouts/application.html.erb (Duration: 38.0ms | GC: 0.1ms)
Completed 200 OK in 40ms (Views: 39.0ms | ActiveRecord: 0.0ms (0 queries, 0 cached) | GC: 0.1ms)


Started GET "/secure/sign_in" for 127.0.0.1 at 2026-02-05 17:32:53 -0300
Processing by Devise::SessionsController#new as HTML
  Rendering layout layouts/devise.html.erb
  Rendering devise/sessions/new.html.erb within layouts/devise
  Rendered devise/shared/_links.html.erb (Duration: 0.7ms | GC: 0.0ms)
  Rendered devise/sessions/new.html.erb within layouts/devise (Duration: 3.0ms | GC: 0.2ms)
  Rendered layout layouts/devise.html.erb (Duration: 4.2ms | GC: 0.2ms)
Completed 200 OK in 8ms (Views: 5.1ms | ActiveRecord: 0.0ms (0 queries, 0 cached) | GC: 0.3ms)


Started GET "/secure/sign_in" for 127.0.0.1 at 2026-02-05 17:33:25 -0300
Processing by Devise::SessionsController#new as HTML
  Rendering layout layouts/devise.html.erb
  Rendering devise/sessions/new.html.erb within layouts/devise
  Rendered devise/shared/_links.html.erb (Duration: 0.1ms | GC: 0.0ms)
  Rendered devise/sessions/new.html.erb within layouts/devise (Duration: 1.2ms | GC: 0.0ms)
  Rendered layout layouts/devise.html.erb (Duration: 41.2ms | GC: 0.0ms)
Completed 200 OK in 43ms (Views: 41.5ms | ActiveRecord: 0.0ms (0 queries, 0 cached) | GC: 0.2ms)


  [1m[36mActiveRecord::SchemaMigration Load (1.4ms)[0m  [1m[34mSELECT "schema_migrations"."version" FROM "schema_migrations" ORDER BY "schema_migrations"."version" ASC /*application='RailsGuide'*/[0m
  [1m[36mActiveRecord::SchemaMigration Load (1.2ms)[0m  [1m[34mSELECT "schema_migrations"."version" FROM "schema_migrations" ORDER BY "schema_migrations"."version" ASC /*application='RailsGuide'*/[0m
Started GET "/" for 127.0.0.1 at 2026-02-09 12:46:50 -0300
  [1m[36mActiveRecord::SchemaMigration Load (1.8ms)[0m  [1m[34mSELECT "schema_migrations"."version" FROM "schema_migrations" ORDER BY "schema_migrations"."version" ASC /*application='RailsGuide'*/[0m
Processing by PagesController#home as HTML
  Rendering layout layouts/application.html.erb
  Rendering pages/home.html.erb within layouts/application
  Rendered pages/home.html.erb within layouts/application (Duration: 0.3ms | GC: 0.0ms)
  Rendered shared/_navbar.html.erb (Duration: 1.1ms | GC: 0.0ms)
  Rendered shared/_flash.html.erb (Duration: 0.4ms | GC: 0.0ms)
  Rendered layout layouts/application.html.erb (Duration: 35.2ms | GC: 12.2ms)
Completed 200 OK in 49ms (Views: 38.6ms | ActiveRecord: 0.0ms (0 queries, 0 cached) | GC: 12.2ms)


Started GET "/about" for 127.0.0.1 at 2026-02-09 12:46:52 -0300
Processing by PagesController#about as HTML
  Rendering layout layouts/application.html.erb
  Rendering pages/about.html.erb within layouts/application
  Rendered pages/about.html.erb within layouts/application (Duration: 0.3ms | GC: 0.0ms)
  Rendered shared/_navbar.html.erb (Duration: 0.2ms | GC: 0.0ms)
  Rendered shared/_flash.html.erb (Duration: 0.1ms | GC: 0.0ms)
  Rendered layout layouts/application.html.erb (Duration: 5.4ms | GC: 0.0ms)
Completed 200 OK in 9ms (Views: 6.0ms | ActiveRecord: 0.0ms (0 queries, 0 cached) | GC: 0.5ms)


Started GET "/" for 127.0.0.1 at 2026-02-09 12:46:53 -0300
Processing by PagesController#home as HTML
  Rendering layout layouts/application.html.erb
  Rendering pages/home.html.erb within layouts/application
  Rendered pages/home.html.erb within layouts/application (Duration: 0.0ms | GC: 0.0ms)
  Rendered shared/_navbar.html.erb (Duration: 0.2ms | GC: 0.0ms)
  Rendered shared/_flash.html.erb (Duration: 0.0ms | GC: 0.0ms)
  Rendered layout layouts/application.html.erb (Duration: 1.2ms | GC: 0.0ms)
Completed 200 OK in 3ms (Views: 1.8ms | ActiveRecord: 0.0ms (0 queries, 0 cached) | GC: 0.0ms)


Started GET "/about" for 127.0.0.1 at 2026-02-09 12:46:54 -0300
Processing by PagesController#about as HTML
  Rendering layout layouts/application.html.erb
  Rendering pages/about.html.erb within layouts/application
  Rendered pages/about.html.erb within layouts/application (Duration: 0.0ms | GC: 0.0ms)
  Rendered shared/_navbar.html.erb (Duration: 0.2ms | GC: 0.0ms)
  Rendered shared/_flash.html.erb (Duration: 0.0ms | GC: 0.0ms)
  Rendered layout layouts/application.html.erb (Duration: 1.4ms | GC: 0.0ms)
Completed 200 OK in 3ms (Views: 1.8ms | ActiveRecord: 0.0ms (0 queries, 0 cached) | GC: 0.0ms)


Started GET "/secure/sign_in" for 127.0.0.1 at 2026-02-09 12:46:56 -0300
Processing by Devise::SessionsController#new as HTML
  Rendering layout layouts/devise.html.erb
  Rendering devise/sessions/new.html.erb within layouts/devise
  Rendered devise/shared/_links.html.erb (Duration: 0.5ms | GC: 0.0ms)
  Rendered devise/sessions/new.html.erb within layouts/devise (Duration: 4.4ms | GC: 0.1ms)
  Rendered layout layouts/devise.html.erb (Duration: 5.0ms | GC: 0.1ms)
Completed 200 OK in 54ms (Views: 6.3ms | ActiveRecord: 14.6ms (0 queries, 0 cached) | GC: 0.9ms)


Started GET "/" for 127.0.0.1 at 2026-02-09 12:47:03 -0300
Processing by PagesController#home as HTML
  Rendering layout layouts/application.html.erb
  Rendering pages/home.html.erb within layouts/application
  Rendered pages/home.html.erb within layouts/application (Duration: 0.0ms | GC: 0.0ms)
  Rendered shared/_navbar.html.erb (Duration: 0.3ms | GC: 0.0ms)
  Rendered shared/_flash.html.erb (Duration: 0.0ms | GC: 0.0ms)
  Rendered layout layouts/application.html.erb (Duration: 1.8ms | GC: 0.0ms)
Completed 200 OK in 4ms (Views: 2.3ms | ActiveRecord: 0.0ms (0 queries, 0 cached) | GC: 0.4ms)


  [1m[36mActiveRecord::SchemaMigration Load (1.1ms)[0m  [1m[34mSELECT "schema_migrations"."version" FROM "schema_migrations" ORDER BY "schema_migrations"."version" ASC /*application='RailsGuide'*/[0m
Started GET "/" for 127.0.0.1 at 2026-02-09 15:25:00 -0300
  [1m[36mActiveRecord::SchemaMigration Load (0.6ms)[0m  [1m[34mSELECT "schema_migrations"."version" FROM "schema_migrations" ORDER BY "schema_migrations"."version" ASC /*application='RailsGuide'*/[0m
Processing by PagesController#home as HTML
  Rendering layout layouts/application.html.erb
  Rendering pages/home.html.erb within layouts/application
  Rendered pages/home.html.erb within layouts/application (Duration: 0.2ms | GC: 0.0ms)
  Rendered shared/_navbar.html.erb (Duration: 0.4ms | GC: 0.0ms)
  Rendered shared/_flash.html.erb (Duration: 0.2ms | GC: 0.0ms)
  Rendered layout layouts/application.html.erb (Duration: 21.3ms | GC: 7.5ms)
Completed 200 OK in 31ms (Views: 23.7ms | ActiveRecord: 0.0ms (0 queries, 0 cached) | GC: 7.5ms)


Started GET "/" for 127.0.0.1 at 2026-02-09 15:42:18 -0300
Processing by PagesController#home as HTML
  Rendering layout layouts/application.html.erb
  Rendering pages/home.html.erb within layouts/application
  Rendered pages/home.html.erb within layouts/application (Duration: 0.1ms | GC: 0.0ms)
  Rendered shared/_navbar.html.erb (Duration: 0.4ms | GC: 0.0ms)
  Rendered shared/_flash.html.erb (Duration: 0.1ms | GC: 0.0ms)
  Rendered layout layouts/application.html.erb (Duration: 26.8ms | GC: 1.2ms)
Completed 200 OK in 29ms (Views: 27.8ms | ActiveRecord: 0.0ms (0 queries, 0 cached) | GC: 1.2ms)


Started GET "/" for 127.0.0.1 at 2026-02-09 15:44:50 -0300
Processing by PagesController#home as HTML
  Rendering layout layouts/application.html.erb
  Rendering pages/home.html.erb within layouts/application
  Rendered pages/home.html.erb within layouts/application (Duration: 0.1ms | GC: 0.0ms)
  Rendered shared/_navbar.html.erb (Duration: 0.4ms | GC: 0.0ms)
  Rendered shared/_flash.html.erb (Duration: 0.1ms | GC: 0.0ms)
  Rendered layout layouts/application.html.erb (Duration: 23.2ms | GC: 3.1ms)
Completed 200 OK in 25ms (Views: 23.7ms | ActiveRecord: 0.0ms (0 queries, 0 cached) | GC: 3.1ms)


Started GET "/" for 127.0.0.1 at 2026-02-09 15:44:51 -0300
Processing by PagesController#home as HTML
  Rendering layout layouts/application.html.erb
  Rendering pages/home.html.erb within layouts/application
  Rendered pages/home.html.erb within layouts/application (Duration: 0.1ms | GC: 0.0ms)
  Rendered shared/_navbar.html.erb (Duration: 0.8ms | GC: 0.0ms)
  Rendered shared/_flash.html.erb (Duration: 0.2ms | GC: 0.0ms)
  Rendered layout layouts/application.html.erb (Duration: 4.5ms | GC: 0.0ms)
Completed 200 OK in 21ms (Views: 19.3ms | ActiveRecord: 0.0ms (0 queries, 0 cached) | GC: 4.4ms)


Started GET "/about" for 127.0.0.1 at 2026-02-09 15:44:51 -0300
Processing by PagesController#about as HTML
  Rendering layout layouts/application.html.erb
  Rendering pages/about.html.erb within layouts/application
  Rendered pages/about.html.erb within layouts/application (Duration: 8.5ms | GC: 0.0ms)
  Rendered shared/_navbar.html.erb (Duration: 0.2ms | GC: 0.0ms)
  Rendered shared/_flash.html.erb (Duration: 0.1ms | GC: 0.0ms)
  Rendered layout layouts/application.html.erb (Duration: 10.3ms | GC: 0.0ms)
Completed 200 OK in 24ms (Views: 19.3ms | ActiveRecord: 0.0ms (0 queries, 0 cached) | GC: 2.2ms)


Started GET "/" for 127.0.0.1 at 2026-02-09 15:44:52 -0300
Processing by PagesController#home as HTML
  Rendering layout layouts/application.html.erb
  Rendering pages/home.html.erb within layouts/application
  Rendered pages/home.html.erb within layouts/application (Duration: 0.0ms | GC: 0.0ms)
  Rendered shared/_navbar.html.erb (Duration: 0.7ms | GC: 0.0ms)
  Rendered shared/_flash.html.erb (Duration: 0.4ms | GC: 0.0ms)
  Rendered layout layouts/application.html.erb (Duration: 5.0ms | GC: 0.0ms)
Completed 200 OK in 7ms (Views: 5.6ms | ActiveRecord: 0.0ms (0 queries, 0 cached) | GC: 0.0ms)


Started GET "/about" for 127.0.0.1 at 2026-02-09 15:44:52 -0300
Processing by PagesController#about as HTML
  Rendering layout layouts/application.html.erb
  Rendering pages/about.html.erb within layouts/application
  Rendered pages/about.html.erb within layouts/application (Duration: 0.0ms | GC: 0.0ms)
  Rendered shared/_navbar.html.erb (Duration: 0.4ms | GC: 0.0ms)
  Rendered shared/_flash.html.erb (Duration: 0.1ms | GC: 0.0ms)
  Rendered layout layouts/application.html.erb (Duration: 2.3ms | GC: 0.0ms)
Completed 200 OK in 5ms (Views: 2.9ms | ActiveRecord: 0.0ms (0 queries, 0 cached) | GC: 0.0ms)


Started GET "/" for 127.0.0.1 at 2026-02-09 15:44:53 -0300
Processing by PagesController#home as HTML
  Rendering layout layouts/application.html.erb
  Rendering pages/home.html.erb within layouts/application
  Rendered pages/home.html.erb within layouts/application (Duration: 0.1ms | GC: 0.0ms)
  Rendered shared/_navbar.html.erb (Duration: 0.2ms | GC: 0.0ms)
  Rendered shared/_flash.html.erb (Duration: 0.1ms | GC: 0.0ms)
  Rendered layout layouts/application.html.erb (Duration: 1.9ms | GC: 0.0ms)
Completed 200 OK in 8ms (Views: 2.6ms | ActiveRecord: 0.0ms (0 queries, 0 cached) | GC: 1.6ms)


Started GET "/about" for 127.0.0.1 at 2026-02-09 15:44:53 -0300
Processing by PagesController#about as HTML
  Rendering layout layouts/application.html.erb
  Rendering pages/about.html.erb within layouts/application
  Rendered pages/about.html.erb within layouts/application (Duration: 0.1ms | GC: 0.0ms)
  Rendered shared/_navbar.html.erb (Duration: 0.2ms | GC: 0.0ms)
  Rendered shared/_flash.html.erb (Duration: 0.0ms | GC: 0.0ms)
  Rendered layout layouts/application.html.erb (Duration: 2.0ms | GC: 0.0ms)
Completed 200 OK in 4ms (Views: 2.5ms | ActiveRecord: 0.0ms (0 queries, 0 cached) | GC: 0.0ms)


Started GET "/" for 127.0.0.1 at 2026-02-09 15:44:53 -0300
Processing by PagesController#home as HTML
  Rendering layout layouts/application.html.erb
  Rendering pages/home.html.erb within layouts/application
  Rendered pages/home.html.erb within layouts/application (Duration: 0.0ms | GC: 0.0ms)
  Rendered shared/_navbar.html.erb (Duration: 0.1ms | GC: 0.0ms)
  Rendered shared/_flash.html.erb (Duration: 0.0ms | GC: 0.0ms)
  Rendered layout layouts/application.html.erb (Duration: 1.5ms | GC: 0.0ms)
Completed 200 OK in 3ms (Views: 1.9ms | ActiveRecord: 0.0ms (0 queries, 0 cached) | GC: 0.0ms)


Started GET "/" for 127.0.0.1 at 2026-02-09 15:44:55 -0300
Processing by PagesController#home as HTML
  Rendering layout layouts/application.html.erb
  Rendering pages/home.html.erb within layouts/application
  Rendered pages/home.html.erb within layouts/application (Duration: 0.0ms | GC: 0.0ms)
  Rendered shared/_navbar.html.erb (Duration: 0.4ms | GC: 0.0ms)
  Rendered shared/_flash.html.erb (Duration: 0.0ms | GC: 0.0ms)
  Rendered layout layouts/application.html.erb (Duration: 1.5ms | GC: 0.0ms)
Completed 200 OK in 17ms (Views: 2.0ms | ActiveRecord: 0.0ms (0 queries, 0 cached) | GC: 2.5ms)


Started GET "/secure/sign_in" for 127.0.0.1 at 2026-02-09 15:44:56 -0300
Processing by Devise::SessionsController#new as HTML
  Rendering layout layouts/devise.html.erb
  Rendering devise/sessions/new.html.erb within layouts/devise
  Rendered devise/shared/_links.html.erb (Duration: 3.3ms | GC: 0.0ms)
  Rendered devise/sessions/new.html.erb within layouts/devise (Duration: 52.3ms | GC: 0.0ms)
  Rendered layout layouts/devise.html.erb (Duration: 56.6ms | GC: 0.0ms)
Completed 200 OK in 282ms (Views: 65.4ms | ActiveRecord: 42.8ms (0 queries, 0 cached) | GC: 0.9ms)


Started GET "/secure/sign_in" for 127.0.0.1 at 2026-02-09 15:44:58 -0300
Processing by Devise::SessionsController#new as HTML
  Rendering layout layouts/devise.html.erb
  Rendering devise/sessions/new.html.erb within layouts/devise
  Rendered devise/shared/_links.html.erb (Duration: 0.5ms | GC: 0.0ms)
  Rendered devise/sessions/new.html.erb within layouts/devise (Duration: 4.4ms | GC: 0.0ms)
  Rendered layout layouts/devise.html.erb (Duration: 5.4ms | GC: 0.0ms)
Completed 200 OK in 10ms (Views: 6.4ms | ActiveRecord: 0.0ms (0 queries, 0 cached) | GC: 0.0ms)


Started GET "/secure/sign_in" for 127.0.0.1 at 2026-02-10 10:06:50 -0300
Processing by Devise::SessionsController#new as HTML
  Rendering layout layouts/devise.html.erb
  Rendering devise/sessions/new.html.erb within layouts/devise
  Rendered devise/shared/_links.html.erb (Duration: 2.4ms | GC: 0.0ms)
  Rendered devise/sessions/new.html.erb within layouts/devise (Duration: 13.9ms | GC: 0.0ms)
  Rendered shared/_flash.html.erb (Duration: 0.6ms | GC: 0.0ms)
  Rendered layout layouts/devise.html.erb (Duration: 28.6ms | GC: 0.0ms)
Completed 200 OK in 61ms (Views: 36.5ms | ActiveRecord: 0.0ms (0 queries, 0 cached) | GC: 0.0ms)


Started GET "/secure/sign_in" for 127.0.0.1 at 2026-02-10 10:06:50 -0300
Processing by Devise::SessionsController#new as HTML
  Rendering layout layouts/devise.html.erb
  Rendering devise/sessions/new.html.erb within layouts/devise
  Rendered devise/shared/_links.html.erb (Duration: 0.1ms | GC: 0.0ms)
  Rendered devise/sessions/new.html.erb within layouts/devise (Duration: 1.4ms | GC: 0.0ms)
  Rendered shared/_flash.html.erb (Duration: 0.0ms | GC: 0.0ms)
  Rendered layout layouts/devise.html.erb (Duration: 1.9ms | GC: 0.0ms)
Completed 200 OK in 4ms (Views: 2.3ms | ActiveRecord: 0.0ms (0 queries, 0 cached) | GC: 0.0ms)


Started POST "/secure/sign_in" for 127.0.0.1 at 2026-02-10 10:06:55 -0300
Processing by Devise::SessionsController#create as TURBO_STREAM
  Parameters: {"authenticity_token"=>"[FILTERED]", "user"=>{"email"=>"[FILTERED]", "password"=>"[FILTERED]", "remember_me"=>"0"}, "commit"=>"Sign in"}
Completed 401 Unauthorized in 5ms (ActiveRecord: 0.0ms (0 queries, 0 cached) | GC: 0.0ms)


Processing by Devise::SessionsController#new as TURBO_STREAM
  Parameters: {"authenticity_token"=>"[FILTERED]", "user"=>{"email"=>"[FILTERED]", "password"=>"[FILTERED]", "remember_me"=>"0"}, "commit"=>"Sign in"}
  Rendering layout layouts/devise.html.erb
  Rendering devise/sessions/new.html.erb within layouts/devise
  Rendered devise/shared/_links.html.erb (Duration: 0.2ms | GC: 0.0ms)
  Rendered devise/sessions/new.html.erb within layouts/devise (Duration: 2.4ms | GC: 0.0ms)
  Rendered shared/_flash.html.erb (Duration: 0.0ms | GC: 0.0ms)
  Rendered layout layouts/devise.html.erb (Duration: 4.3ms | GC: 0.5ms)
Completed 200 OK in 8ms (Views: 5.0ms | ActiveRecord: 0.0ms (0 queries, 0 cached) | GC: 0.5ms)


Started GET "/secure/..." for 127.0.0.1 at 2026-02-10 10:06:55 -0300
  
ActionController::RoutingError (No route matches [GET] "/secure/..."):
  
Started GET "/secure/sign_in" for 127.0.0.1 at 2026-02-10 10:11:16 -0300
Processing by Devise::SessionsController#new as HTML
  Rendering layout layouts/devise.html.erb
  Rendering devise/sessions/new.html.erb within layouts/devise
  Rendered devise/shared/_links.html.erb (Duration: 0.1ms | GC: 0.0ms)
  Rendered devise/sessions/new.html.erb within layouts/devise (Duration: 1.0ms | GC: 0.0ms)
  Rendered shared/_flash.html.erb (Duration: 0.1ms | GC: 0.0ms)
  Rendered layout layouts/devise.html.erb (Duration: 10.9ms | GC: 0.0ms)
Completed 200 OK in 13ms (Views: 11.3ms | ActiveRecord: 0.0ms (0 queries, 0 cached) | GC: 0.0ms)


Started POST "/secure/sign_in" for 127.0.0.1 at 2026-02-10 10:11:18 -0300
Processing by Devise::SessionsController#create as TURBO_STREAM
  Parameters: {"authenticity_token"=>"[FILTERED]", "user"=>{"email"=>"[FILTERED]", "password"=>"[FILTERED]", "remember_me"=>"0"}, "commit"=>"Sign in"}
Completed 401 Unauthorized in 4ms (ActiveRecord: 0.0ms (0 queries, 0 cached) | GC: 0.0ms)


Processing by Devise::SessionsController#new as TURBO_STREAM
  Parameters: {"authenticity_token"=>"[FILTERED]", "user"=>{"email"=>"[FILTERED]", "password"=>"[FILTERED]", "remember_me"=>"0"}, "commit"=>"Sign in"}
  Rendering layout layouts/devise.html.erb
  Rendering devise/sessions/new.html.erb within layouts/devise
  Rendered devise/shared/_links.html.erb (Duration: 0.3ms | GC: 0.0ms)
  Rendered devise/sessions/new.html.erb within layouts/devise (Duration: 1.5ms | GC: 0.2ms)
  Rendered shared/_flash.html.erb (Duration: 0.1ms | GC: 0.0ms)
  Rendered layout layouts/devise.html.erb (Duration: 2.5ms | GC: 0.2ms)
Completed 200 OK in 5ms (Views: 3.1ms | ActiveRecord: 0.0ms (0 queries, 0 cached) | GC: 0.2ms)


Started GET "/secure/..." for 127.0.0.1 at 2026-02-10 10:11:18 -0300
  
ActionController::RoutingError (No route matches [GET] "/secure/..."):
  
Started GET "/secure/sign_in" for 127.0.0.1 at 2026-02-10 10:12:03 -0300
Processing by Devise::SessionsController#new as HTML
  Rendering layout layouts/devise.html.erb
  Rendering devise/sessions/new.html.erb within layouts/devise
  Rendered devise/shared/_links.html.erb (Duration: 0.1ms | GC: 0.0ms)
  Rendered devise/sessions/new.html.erb within layouts/devise (Duration: 1.0ms | GC: 0.0ms)
  Rendered shared/_flash.html.erb (Duration: 0.1ms | GC: 0.0ms)
  Rendered layout layouts/devise.html.erb (Duration: 20.3ms | GC: 0.0ms)
Completed 200 OK in 22ms (Views: 20.8ms | ActiveRecord: 0.0ms (0 queries, 0 cached) | GC: 0.0ms)


Started POST "/secure/sign_in" for 127.0.0.1 at 2026-02-10 10:12:05 -0300
Processing by Devise::SessionsController#create as TURBO_STREAM
  Parameters: {"authenticity_token"=>"[FILTERED]", "user"=>{"email"=>"[FILTERED]", "password"=>"[FILTERED]", "remember_me"=>"0"}, "commit"=>"Sign in"}
Completed 401 Unauthorized in 2ms (ActiveRecord: 0.0ms (0 queries, 0 cached) | GC: 0.0ms)


Processing by Devise::SessionsController#new as TURBO_STREAM
  Parameters: {"authenticity_token"=>"[FILTERED]", "user"=>{"email"=>"[FILTERED]", "password"=>"[FILTERED]", "remember_me"=>"0"}, "commit"=>"Sign in"}
  Rendering layout layouts/devise.html.erb
  Rendering devise/sessions/new.html.erb within layouts/devise
  Rendered devise/shared/_links.html.erb (Duration: 0.2ms | GC: 0.0ms)
  Rendered devise/sessions/new.html.erb within layouts/devise (Duration: 1.4ms | GC: 0.2ms)
  Rendered shared/_flash.html.erb (Duration: 0.0ms | GC: 0.0ms)
  Rendered layout layouts/devise.html.erb (Duration: 1.9ms | GC: 0.2ms)
Completed 200 OK in 3ms (Views: 2.2ms | ActiveRecord: 0.0ms (0 queries, 0 cached) | GC: 0.2ms)


Started GET "/secure/..." for 127.0.0.1 at 2026-02-10 10:12:05 -0300
  
ActionController::RoutingError (No route matches [GET] "/secure/..."):
  
Started GET "/secure/sign_in" for 127.0.0.1 at 2026-02-10 10:12:10 -0300
Processing by Devise::SessionsController#new as HTML
  Rendering layout layouts/devise.html.erb
  Rendering devise/sessions/new.html.erb within layouts/devise
  Rendered devise/shared/_links.html.erb (Duration: 0.1ms | GC: 0.0ms)
  Rendered devise/sessions/new.html.erb within layouts/devise (Duration: 0.9ms | GC: 0.0ms)
  Rendered shared/_flash.html.erb (Duration: 0.0ms | GC: 0.0ms)
  Rendered layout layouts/devise.html.erb (Duration: 1.3ms | GC: 0.0ms)
Completed 200 OK in 3ms (Views: 1.6ms | ActiveRecord: 0.0ms (0 queries, 0 cached) | GC: 0.2ms)


Started POST "/secure/sign_in" for 127.0.0.1 at 2026-02-10 10:12:11 -0300
Processing by Devise::SessionsController#create as TURBO_STREAM
  Parameters: {"authenticity_token"=>"[FILTERED]", "user"=>{"email"=>"[FILTERED]", "password"=>"[FILTERED]", "remember_me"=>"0"}, "commit"=>"Sign in"}
Completed 401 Unauthorized in 1ms (ActiveRecord: 0.0ms (0 queries, 0 cached) | GC: 0.0ms)


Processing by Devise::SessionsController#new as TURBO_STREAM
  Parameters: {"authenticity_token"=>"[FILTERED]", "user"=>{"email"=>"[FILTERED]", "password"=>"[FILTERED]", "remember_me"=>"0"}, "commit"=>"Sign in"}
  Rendering layout layouts/devise.html.erb
  Rendering devise/sessions/new.html.erb within layouts/devise
  Rendered devise/shared/_links.html.erb (Duration: 0.2ms | GC: 0.0ms)
  Rendered devise/sessions/new.html.erb within layouts/devise (Duration: 1.3ms | GC: 0.0ms)
  Rendered shared/_flash.html.erb (Duration: 0.1ms | GC: 0.0ms)
  Rendered layout layouts/devise.html.erb (Duration: 2.0ms | GC: 0.0ms)
Completed 200 OK in 4ms (Views: 2.6ms | ActiveRecord: 0.0ms (0 queries, 0 cached) | GC: 0.1ms)


Started GET "/secure/..." for 127.0.0.1 at 2026-02-10 10:12:11 -0300
  
ActionController::RoutingError (No route matches [GET] "/secure/..."):
  
Started POST "/secure/sign_in" for 127.0.0.1 at 2026-02-10 10:12:20 -0300
Processing by Devise::SessionsController#create as TURBO_STREAM
  Parameters: {"authenticity_token"=>"[FILTERED]", "user"=>{"email"=>"[FILTERED]", "password"=>"[FILTERED]", "remember_me"=>"0"}, "commit"=>"Sign in"}
Completed 401 Unauthorized in 2ms (ActiveRecord: 0.0ms (0 queries, 0 cached) | GC: 0.0ms)


Processing by Devise::SessionsController#new as TURBO_STREAM
  Parameters: {"authenticity_token"=>"[FILTERED]", "user"=>{"email"=>"[FILTERED]", "password"=>"[FILTERED]", "remember_me"=>"0"}, "commit"=>"Sign in"}
  Rendering layout layouts/devise.html.erb
  Rendering devise/sessions/new.html.erb within layouts/devise
  Rendered devise/shared/_links.html.erb (Duration: 0.3ms | GC: 0.0ms)
  Rendered devise/sessions/new.html.erb within layouts/devise (Duration: 2.4ms | GC: 0.0ms)
  Rendered shared/_flash.html.erb (Duration: 0.0ms | GC: 0.0ms)
  Rendered layout layouts/devise.html.erb (Duration: 3.4ms | GC: 0.0ms)
Completed 200 OK in 5ms (Views: 4.0ms | ActiveRecord: 0.0ms (0 queries, 0 cached) | GC: 0.0ms)


Started GET "/secure/..." for 127.0.0.1 at 2026-02-10 10:12:20 -0300
  
ActionController::RoutingError (No route matches [GET] "/secure/..."):
  
Started POST "/secure/sign_in" for 127.0.0.1 at 2026-02-10 10:14:08 -0300
Processing by Devise::SessionsController#create as TURBO_STREAM
  Parameters: {"authenticity_token"=>"[FILTERED]", "user"=>{"email"=>"[FILTERED]", "password"=>"[FILTERED]", "remember_me"=>"0"}, "commit"=>"Sign in"}
Completed 401 Unauthorized in 2ms (ActiveRecord: 0.0ms (0 queries, 0 cached) | GC: 0.0ms)


Processing by Devise::SessionsController#new as TURBO_STREAM
  Parameters: {"authenticity_token"=>"[FILTERED]", "user"=>{"email"=>"[FILTERED]", "password"=>"[FILTERED]", "remember_me"=>"0"}, "commit"=>"Sign in"}
  Rendering layout layouts/devise.html.erb
  Rendering devise/sessions/new.html.erb within layouts/devise
  Rendered devise/shared/_links.html.erb (Duration: 0.2ms | GC: 0.0ms)
  Rendered devise/sessions/new.html.erb within layouts/devise (Duration: 1.9ms | GC: 0.2ms)
  Rendered shared/_flash.html.erb (Duration: 0.0ms | GC: 0.0ms)
  Rendered layout layouts/devise.html.erb (Duration: 2.5ms | GC: 0.2ms)
Completed 200 OK in 8ms (Views: 3.2ms | ActiveRecord: 0.0ms (0 queries, 0 cached) | GC: 0.2ms)


Started GET "/secure/..." for 127.0.0.1 at 2026-02-10 10:14:08 -0300
  
ActionController::RoutingError (No route matches [GET] "/secure/..."):
  
Started POST "/secure/sign_in" for 127.0.0.1 at 2026-02-10 10:14:09 -0300
Processing by Devise::SessionsController#create as TURBO_STREAM
  Parameters: {"authenticity_token"=>"[FILTERED]", "user"=>{"email"=>"[FILTERED]", "password"=>"[FILTERED]", "remember_me"=>"0"}, "commit"=>"Sign in"}
Completed 401 Unauthorized in 2ms (ActiveRecord: 0.0ms (0 queries, 0 cached) | GC: 0.0ms)


Processing by Devise::SessionsController#new as TURBO_STREAM
  Parameters: {"authenticity_token"=>"[FILTERED]", "user"=>{"email"=>"[FILTERED]", "password"=>"[FILTERED]", "remember_me"=>"0"}, "commit"=>"Sign in"}
  Rendering layout layouts/devise.html.erb
  Rendering devise/sessions/new.html.erb within layouts/devise
  Rendered devise/shared/_links.html.erb (Duration: 0.2ms | GC: 0.0ms)
  Rendered devise/sessions/new.html.erb within layouts/devise (Duration: 2.0ms | GC: 0.2ms)
  Rendered shared/_flash.html.erb (Duration: 0.0ms | GC: 0.0ms)
  Rendered layout layouts/devise.html.erb (Duration: 3.0ms | GC: 0.3ms)
Completed 200 OK in 6ms (Views: 3.5ms | ActiveRecord: 0.0ms (0 queries, 0 cached) | GC: 0.3ms)


Started GET "/secure/..." for 127.0.0.1 at 2026-02-10 10:14:09 -0300
  
ActionController::RoutingError (No route matches [GET] "/secure/..."):
  
Started GET "/secure/sign_up" for 127.0.0.1 at 2026-02-10 10:14:10 -0300
Processing by Devise::RegistrationsController#new as HTML
  Rendering layout layouts/devise.html.erb
  Rendering devise/registrations/new.html.erb within layouts/devise
  Rendered devise/shared/_error_messages.html.erb (Duration: 0.2ms | GC: 0.0ms)
  Rendered devise/shared/_links.html.erb (Duration: 0.2ms | GC: 0.1ms)
  Rendered devise/registrations/new.html.erb within layouts/devise (Duration: 2.3ms | GC: 0.1ms)
  Rendered shared/_flash.html.erb (Duration: 0.0ms | GC: 0.0ms)
  Rendered layout layouts/devise.html.erb (Duration: 2.8ms | GC: 0.1ms)
Completed 200 OK in 4ms (Views: 3.4ms | ActiveRecord: 0.0ms (0 queries, 0 cached) | GC: 0.1ms)


Started GET "/secure/password/new" for 127.0.0.1 at 2026-02-10 10:14:10 -0300
Processing by Devise::PasswordsController#new as HTML
  Rendering layout layouts/devise.html.erb
  Rendering devise/passwords/new.html.erb within layouts/devise
  Rendered devise/shared/_error_messages.html.erb (Duration: 0.0ms | GC: 0.0ms)
  Rendered devise/shared/_links.html.erb (Duration: 0.1ms | GC: 0.0ms)
  Rendered devise/passwords/new.html.erb within layouts/devise (Duration: 1.1ms | GC: 0.0ms)
  Rendered shared/_flash.html.erb (Duration: 0.0ms | GC: 0.0ms)
  Rendered layout layouts/devise.html.erb (Duration: 1.6ms | GC: 0.0ms)
Completed 200 OK in 3ms (Views: 2.0ms | ActiveRecord: 0.0ms (0 queries, 0 cached) | GC: 0.1ms)


Started GET "/secure/sign_up" for 127.0.0.1 at 2026-02-10 10:14:10 -0300
Processing by Devise::RegistrationsController#new as HTML
  Rendering layout layouts/devise.html.erb
  Rendering devise/registrations/new.html.erb within layouts/devise
  Rendered devise/shared/_error_messages.html.erb (Duration: 0.0ms | GC: 0.0ms)
  Rendered devise/shared/_links.html.erb (Duration: 0.2ms | GC: 0.0ms)
  Rendered devise/registrations/new.html.erb within layouts/devise (Duration: 2.1ms | GC: 0.0ms)
  Rendered shared/_flash.html.erb (Duration: 0.0ms | GC: 0.0ms)
  Rendered layout layouts/devise.html.erb (Duration: 2.8ms | GC: 0.0ms)
Completed 200 OK in 6ms (Views: 3.5ms | ActiveRecord: 0.0ms (0 queries, 0 cached) | GC: 0.2ms)


Started GET "/" for 127.0.0.1 at 2026-02-10 10:14:11 -0300
Processing by PagesController#home as HTML
  Rendering layout layouts/application.html.erb
  Rendering pages/home.html.erb within layouts/application
  Rendered pages/home.html.erb within layouts/application (Duration: 0.2ms | GC: 0.0ms)
  Rendered shared/_navbar.html.erb (Duration: 1.0ms | GC: 0.0ms)
  Rendered shared/_flash.html.erb (Duration: 0.1ms | GC: 0.0ms)
  Rendered layout layouts/application.html.erb (Duration: 3.6ms | GC: 0.0ms)
Completed 200 OK in 6ms (Views: 4.8ms | ActiveRecord: 0.0ms (0 queries, 0 cached) | GC: 0.0ms)


Started GET "/secure/sign_up" for 127.0.0.1 at 2026-02-10 10:14:12 -0300
Processing by Devise::RegistrationsController#new as HTML
  Rendering layout layouts/devise.html.erb
  Rendering devise/registrations/new.html.erb within layouts/devise
  Rendered devise/shared/_error_messages.html.erb (Duration: 0.0ms | GC: 0.0ms)
  Rendered devise/shared/_links.html.erb (Duration: 0.5ms | GC: 0.0ms)
  Rendered devise/registrations/new.html.erb within layouts/devise (Duration: 4.4ms | GC: 0.0ms)
  Rendered shared/_flash.html.erb (Duration: 0.1ms | GC: 0.0ms)
  Rendered layout layouts/devise.html.erb (Duration: 6.6ms | GC: 0.0ms)
Completed 200 OK in 9ms (Views: 7.3ms | ActiveRecord: 0.0ms (0 queries, 0 cached) | GC: 0.0ms)


Started POST "/secure" for 127.0.0.1 at 2026-02-10 10:14:14 -0300
Processing by Devise::RegistrationsController#create as TURBO_STREAM
  Parameters: {"authenticity_token"=>"[FILTERED]", "user"=>{"email"=>"[FILTERED]", "password"=>"[FILTERED]", "password_confirmation"=>"[FILTERED]"}, "commit"=>"Sign up"}
  Rendering layout layouts/devise.html.erb
  Rendering devise/registrations/new.html.erb within layouts/devise
  Rendered devise/shared/_error_messages.html.erb (Duration: 0.8ms | GC: 0.0ms)
  Rendered devise/shared/_links.html.erb (Duration: 0.1ms | GC: 0.0ms)
  Rendered devise/registrations/new.html.erb within layouts/devise (Duration: 2.2ms | GC: 0.0ms)
  Rendered shared/_flash.html.erb (Duration: 0.0ms | GC: 0.0ms)
  Rendered layout layouts/devise.html.erb (Duration: 2.8ms | GC: 0.1ms)
Completed 422 Unprocessable Content in 10ms (Views: 3.2ms | ActiveRecord: 0.0ms (0 queries, 0 cached) | GC: 0.4ms)


Started GET "/" for 127.0.0.1 at 2026-02-10 10:14:20 -0300
Processing by PagesController#home as HTML
  Rendering layout layouts/application.html.erb
  Rendering pages/home.html.erb within layouts/application
  Rendered pages/home.html.erb within layouts/application (Duration: 0.1ms | GC: 0.0ms)
  Rendered shared/_navbar.html.erb (Duration: 0.3ms | GC: 0.0ms)
  Rendered shared/_flash.html.erb (Duration: 0.0ms | GC: 0.0ms)
  Rendered layout layouts/application.html.erb (Duration: 2.4ms | GC: 0.0ms)
Completed 200 OK in 4ms (Views: 2.8ms | ActiveRecord: 0.0ms (0 queries, 0 cached) | GC: 0.0ms)


Started GET "/secure/sign_in" for 127.0.0.1 at 2026-02-10 10:14:20 -0300
Processing by Devise::SessionsController#new as HTML
  Rendering layout layouts/devise.html.erb
  Rendering devise/sessions/new.html.erb within layouts/devise
  Rendered devise/shared/_links.html.erb (Duration: 0.1ms | GC: 0.0ms)
  Rendered devise/sessions/new.html.erb within layouts/devise (Duration: 1.5ms | GC: 0.0ms)
  Rendered shared/_flash.html.erb (Duration: 0.0ms | GC: 0.0ms)
  Rendered layout layouts/devise.html.erb (Duration: 2.1ms | GC: 0.0ms)
Completed 200 OK in 5ms (Views: 2.7ms | ActiveRecord: 0.0ms (0 queries, 0 cached) | GC: 0.0ms)


Started POST "/secure/sign_in" for 127.0.0.1 at 2026-02-10 10:14:22 -0300
Processing by Devise::SessionsController#create as TURBO_STREAM
  Parameters: {"authenticity_token"=>"[FILTERED]", "user"=>{"email"=>"[FILTERED]", "password"=>"[FILTERED]", "remember_me"=>"0"}, "commit"=>"Sign in"}
Completed 401 Unauthorized in 2ms (ActiveRecord: 0.0ms (0 queries, 0 cached) | GC: 0.3ms)


Processing by Devise::SessionsController#new as TURBO_STREAM
  Parameters: {"authenticity_token"=>"[FILTERED]", "user"=>{"email"=>"[FILTERED]", "password"=>"[FILTERED]", "remember_me"=>"0"}, "commit"=>"Sign in"}
  Rendering layout layouts/devise.html.erb
  Rendering devise/sessions/new.html.erb within layouts/devise
  Rendered devise/shared/_links.html.erb (Duration: 0.1ms | GC: 0.0ms)
  Rendered devise/sessions/new.html.erb within layouts/devise (Duration: 0.9ms | GC: 0.0ms)
  Rendered shared/_flash.html.erb (Duration: 0.0ms | GC: 0.0ms)
  Rendered layout layouts/devise.html.erb (Duration: 1.4ms | GC: 0.0ms)
Completed 200 OK in 3ms (Views: 1.7ms | ActiveRecord: 0.0ms (0 queries, 0 cached) | GC: 0.0ms)


Started GET "/secure/..." for 127.0.0.1 at 2026-02-10 10:14:22 -0300
  
ActionController::RoutingError (No route matches [GET] "/secure/..."):
  
Started POST "/secure/sign_in" for 127.0.0.1 at 2026-02-10 10:14:22 -0300
Processing by Devise::SessionsController#create as TURBO_STREAM
  Parameters: {"authenticity_token"=>"[FILTERED]", "user"=>{"email"=>"[FILTERED]", "password"=>"[FILTERED]", "remember_me"=>"0"}, "commit"=>"Sign in"}
Completed 401 Unauthorized in 2ms (ActiveRecord: 0.0ms (0 queries, 0 cached) | GC: 0.0ms)


Processing by Devise::SessionsController#new as TURBO_STREAM
  Parameters: {"authenticity_token"=>"[FILTERED]", "user"=>{"email"=>"[FILTERED]", "password"=>"[FILTERED]", "remember_me"=>"0"}, "commit"=>"Sign in"}
  Rendering layout layouts/devise.html.erb
  Rendering devise/sessions/new.html.erb within layouts/devise
  Rendered devise/shared/_links.html.erb (Duration: 0.8ms | GC: 0.2ms)
  Rendered devise/sessions/new.html.erb within layouts/devise (Duration: 3.7ms | GC: 0.2ms)
  Rendered shared/_flash.html.erb (Duration: 0.0ms | GC: 0.0ms)
  Rendered layout layouts/devise.html.erb (Duration: 4.8ms | GC: 0.2ms)
Completed 200 OK in 7ms (Views: 5.3ms | ActiveRecord: 0.0ms (0 queries, 0 cached) | GC: 0.2ms)


Started GET "/secure/..." for 127.0.0.1 at 2026-02-10 10:14:22 -0300
  
ActionController::RoutingError (No route matches [GET] "/secure/..."):
  
Started GET "/secure/sign_in" for 127.0.0.1 at 2026-02-10 10:17:18 -0300
Processing by Devise::SessionsController#new as HTML
  Rendering layout layouts/devise.html.erb
  Rendering devise/sessions/new.html.erb within layouts/devise
  Rendered devise/shared/_links.html.erb (Duration: 0.6ms | GC: 0.0ms)
  Rendered devise/sessions/new.html.erb within layouts/devise (Duration: 3.7ms | GC: 0.0ms)
  Rendered shared/_flash.html.erb (Duration: 0.1ms | GC: 0.0ms)
  Rendered layout layouts/devise.html.erb (Duration: 4.8ms | GC: 0.0ms)
Completed 200 OK in 13ms (Views: 7.4ms | ActiveRecord: 0.0ms (0 queries, 0 cached) | GC: 0.0ms)


Started POST "/secure/sign_in" for 127.0.0.1 at 2026-02-10 10:17:19 -0300
Processing by Devise::SessionsController#create as TURBO_STREAM
  Parameters: {"authenticity_token"=>"[FILTERED]", "user"=>{"email"=>"[FILTERED]", "password"=>"[FILTERED]", "remember_me"=>"0"}, "commit"=>"Sign in"}
Completed 401 Unauthorized in 2ms (ActiveRecord: 0.0ms (0 queries, 0 cached) | GC: 0.0ms)


Processing by Devise::SessionsController#new as TURBO_STREAM
  Parameters: {"authenticity_token"=>"[FILTERED]", "user"=>{"email"=>"[FILTERED]", "password"=>"[FILTERED]", "remember_me"=>"0"}, "commit"=>"Sign in"}
  Rendering layout layouts/devise.html.erb
  Rendering devise/sessions/new.html.erb within layouts/devise
  Rendered devise/shared/_links.html.erb (Duration: 0.3ms | GC: 0.0ms)
  Rendered devise/sessions/new.html.erb within layouts/devise (Duration: 1.6ms | GC: 0.0ms)
  Rendered shared/_flash.html.erb (Duration: 0.1ms | GC: 0.0ms)
  Rendered layout layouts/devise.html.erb (Duration: 2.7ms | GC: 0.0ms)
Completed 200 OK in 7ms (Views: 3.2ms | ActiveRecord: 0.0ms (0 queries, 0 cached) | GC: 0.0ms)


Started POST "/secure/sign_in" for 127.0.0.1 at 2026-02-10 10:17:20 -0300
Processing by Devise::SessionsController#create as TURBO_STREAM
  Parameters: {"authenticity_token"=>"[FILTERED]", "user"=>{"email"=>"[FILTERED]", "password"=>"[FILTERED]", "remember_me"=>"0"}, "commit"=>"Sign in"}
Completed 401 Unauthorized in 2ms (ActiveRecord: 0.0ms (0 queries, 0 cached) | GC: 0.0ms)


Processing by Devise::SessionsController#new as TURBO_STREAM
  Parameters: {"authenticity_token"=>"[FILTERED]", "user"=>{"email"=>"[FILTERED]", "password"=>"[FILTERED]", "remember_me"=>"0"}, "commit"=>"Sign in"}
  Rendering layout layouts/devise.html.erb
  Rendering devise/sessions/new.html.erb within layouts/devise
  Rendered devise/shared/_links.html.erb (Duration: 0.2ms | GC: 0.0ms)
  Rendered devise/sessions/new.html.erb within layouts/devise (Duration: 1.1ms | GC: 0.0ms)
  Rendered shared/_flash.html.erb (Duration: 0.0ms | GC: 0.0ms)
  Rendered layout layouts/devise.html.erb (Duration: 1.8ms | GC: 0.0ms)
Completed 200 OK in 5ms (Views: 3.7ms | ActiveRecord: 0.0ms (0 queries, 0 cached) | GC: 1.0ms)


Started GET "/secure/sign_in" for 127.0.0.1 at 2026-02-10 10:20:27 -0300
Processing by Devise::SessionsController#new as HTML
  Rendering layout layouts/devise.html.erb
  Rendering devise/sessions/new.html.erb within layouts/devise
  Rendered devise/shared/_links.html.erb (Duration: 0.5ms | GC: 0.0ms)
  Rendered devise/sessions/new.html.erb within layouts/devise (Duration: 2.2ms | GC: 0.1ms)
  Rendered shared/_flash.html.erb (Duration: 0.3ms | GC: 0.0ms)
  Rendered layout layouts/devise.html.erb (Duration: 3.8ms | GC: 0.1ms)
Completed 200 OK in 8ms (Views: 5.0ms | ActiveRecord: 0.0ms (0 queries, 0 cached) | GC: 0.6ms)


Started POST "/secure/sign_in" for 127.0.0.1 at 2026-02-10 10:20:28 -0300
Processing by Devise::SessionsController#create as TURBO_STREAM
  Parameters: {"authenticity_token"=>"[FILTERED]", "user"=>{"email"=>"[FILTERED]", "password"=>"[FILTERED]", "remember_me"=>"0"}, "commit"=>"Sign in"}
Completed 401 Unauthorized in 3ms (ActiveRecord: 0.0ms (0 queries, 0 cached) | GC: 0.3ms)


Processing by Devise::SessionsController#new as TURBO_STREAM
  Parameters: {"authenticity_token"=>"[FILTERED]", "user"=>{"email"=>"[FILTERED]", "password"=>"[FILTERED]", "remember_me"=>"0"}, "commit"=>"Sign in"}
  Rendering layout layouts/devise.html.erb
  Rendering devise/sessions/new.html.erb within layouts/devise
  Rendered devise/shared/_links.html.erb (Duration: 0.6ms | GC: 0.3ms)
  Rendered devise/sessions/new.html.erb within layouts/devise (Duration: 2.6ms | GC: 0.3ms)
  Rendered shared/_flash.html.erb (Duration: 0.1ms | GC: 0.0ms)
  Rendered layout layouts/devise.html.erb (Duration: 4.8ms | GC: 0.3ms)
Completed 200 OK in 8ms (Views: 5.7ms | ActiveRecord: 0.0ms (0 queries, 0 cached) | GC: 0.3ms)


Started GET "/secure/sign_in" for 127.0.0.1 at 2026-02-10 10:30:05 -0300
Processing by Devise::SessionsController#new as HTML
  Rendering layout layouts/devise.html.erb
  Rendering devise/sessions/new.html.erb within layouts/devise
  Rendered devise/shared/_links.html.erb (Duration: 0.6ms | GC: 0.0ms)
  Rendered devise/sessions/new.html.erb within layouts/devise (Duration: 2.8ms | GC: 0.0ms)
  Rendered shared/_flash.html.erb (Duration: 0.2ms | GC: 0.0ms)
  Rendered layout layouts/devise.html.erb (Duration: 4.2ms | GC: 0.0ms)
Completed 200 OK in 9ms (Views: 6.1ms | ActiveRecord: 0.0ms (0 queries, 0 cached) | GC: 0.1ms)


Started POST "/secure/sign_in" for 127.0.0.1 at 2026-02-10 10:30:06 -0300
Processing by Devise::SessionsController#create as TURBO_STREAM
  Parameters: {"authenticity_token"=>"[FILTERED]", "user"=>{"email"=>"[FILTERED]", "password"=>"[FILTERED]", "remember_me"=>"0"}, "commit"=>"Sign in"}
Completed 401 Unauthorized in 1ms (ActiveRecord: 0.0ms (0 queries, 0 cached) | GC: 0.0ms)


Processing by Devise::SessionsController#new as TURBO_STREAM
  Parameters: {"authenticity_token"=>"[FILTERED]", "user"=>{"email"=>"[FILTERED]", "password"=>"[FILTERED]", "remember_me"=>"0"}, "commit"=>"Sign in"}
  Rendering layout layouts/devise.html.erb
  Rendering devise/sessions/new.html.erb within layouts/devise
  Rendered devise/shared/_links.html.erb (Duration: 0.2ms | GC: 0.0ms)
  Rendered devise/sessions/new.html.erb within layouts/devise (Duration: 2.3ms | GC: 0.4ms)
  Rendered shared/_flash.html.erb (Duration: 0.0ms | GC: 0.0ms)
  Rendered layout layouts/devise.html.erb (Duration: 3.2ms | GC: 0.4ms)
Completed 200 OK in 5ms (Views: 3.7ms | ActiveRecord: 0.0ms (0 queries, 0 cached) | GC: 0.4ms)


Started GET "/secure/sign_in" for 127.0.0.1 at 2026-02-10 10:31:11 -0300
Processing by Devise::SessionsController#new as HTML
  Rendering layout layouts/devise.html.erb
  Rendering devise/sessions/new.html.erb within layouts/devise
  Rendered devise/shared/_links.html.erb (Duration: 0.6ms | GC: 0.0ms)
  Rendered devise/sessions/new.html.erb within layouts/devise (Duration: 1.8ms | GC: 0.0ms)
  Rendered shared/_flash.html.erb (Duration: 0.2ms | GC: 0.0ms)
  Rendered layout layouts/devise.html.erb (Duration: 2.9ms | GC: 0.0ms)
Completed 200 OK in 6ms (Views: 3.9ms | ActiveRecord: 0.0ms (0 queries, 0 cached) | GC: 0.0ms)


Started POST "/secure/sign_in" for 127.0.0.1 at 2026-02-10 10:31:12 -0300
Processing by Devise::SessionsController#create as TURBO_STREAM
  Parameters: {"authenticity_token"=>"[FILTERED]", "user"=>{"email"=>"[FILTERED]", "password"=>"[FILTERED]", "remember_me"=>"0"}, "commit"=>"Sign in"}
Completed 401 Unauthorized in 2ms (ActiveRecord: 0.0ms (0 queries, 0 cached) | GC: 0.0ms)


Processing by Devise::SessionsController#new as TURBO_STREAM
  Parameters: {"authenticity_token"=>"[FILTERED]", "user"=>{"email"=>"[FILTERED]", "password"=>"[FILTERED]", "remember_me"=>"0"}, "commit"=>"Sign in"}
  Rendering layout layouts/devise.html.erb
  Rendering devise/sessions/new.html.erb within layouts/devise
  Rendered devise/shared/_links.html.erb (Duration: 0.2ms | GC: 0.0ms)
  Rendered devise/sessions/new.html.erb within layouts/devise (Duration: 3.2ms | GC: 0.0ms)
  Rendered shared/_flash.html.erb (Duration: 0.0ms | GC: 0.0ms)
  Rendered layout layouts/devise.html.erb (Duration: 3.8ms | GC: 0.0ms)
Completed 200 OK in 5ms (Views: 4.1ms | ActiveRecord: 0.0ms (0 queries, 0 cached) | GC: 0.0ms)


Started POST "/secure/sign_in" for 127.0.0.1 at 2026-02-10 10:31:21 -0300
Processing by Devise::SessionsController#create as TURBO_STREAM
  Parameters: {"authenticity_token"=>"[FILTERED]", "user"=>{"email"=>"[FILTERED]", "password"=>"[FILTERED]", "remember_me"=>"0"}, "commit"=>"Sign in"}
Completed 401 Unauthorized in 2ms (ActiveRecord: 0.0ms (0 queries, 0 cached) | GC: 0.0ms)


Processing by Devise::SessionsController#new as TURBO_STREAM
  Parameters: {"authenticity_token"=>"[FILTERED]", "user"=>{"email"=>"[FILTERED]", "password"=>"[FILTERED]", "remember_me"=>"0"}, "commit"=>"Sign in"}
  Rendering layout layouts/devise.html.erb
  Rendering devise/sessions/new.html.erb within layouts/devise
  Rendered devise/shared/_links.html.erb (Duration: 0.3ms | GC: 0.0ms)
  Rendered devise/sessions/new.html.erb within layouts/devise (Duration: 1.0ms | GC: 0.0ms)
  Rendered shared/_flash.html.erb (Duration: 0.0ms | GC: 0.0ms)
  Rendered layout layouts/devise.html.erb (Duration: 1.5ms | GC: 0.0ms)
Completed 200 OK in 3ms (Views: 1.8ms | ActiveRecord: 0.0ms (0 queries, 0 cached) | GC: 0.0ms)


Started GET "/secure/sign_in" for 127.0.0.1 at 2026-02-10 10:33:30 -0300
Processing by Devise::SessionsController#new as HTML
  Rendering layout layouts/devise.html.erb
  Rendering devise/sessions/new.html.erb within layouts/devise
  Rendered devise/shared/_links.html.erb (Duration: 0.8ms | GC: 0.0ms)
  Rendered devise/sessions/new.html.erb within layouts/devise (Duration: 2.8ms | GC: 0.4ms)
  Rendered shared/_flash.html.erb (Duration: 0.3ms | GC: 0.0ms)
  Rendered layout layouts/devise.html.erb (Duration: 4.1ms | GC: 0.4ms)
Completed 200 OK in 11ms (Views: 5.0ms | ActiveRecord: 0.0ms (0 queries, 0 cached) | GC: 3.2ms)


Started POST "/secure/sign_in" for 127.0.0.1 at 2026-02-10 10:33:31 -0300
Processing by Devise::SessionsController#create as TURBO_STREAM
  Parameters: {"authenticity_token"=>"[FILTERED]", "user"=>{"email"=>"[FILTERED]", "password"=>"[FILTERED]", "remember_me"=>"0"}, "commit"=>"Sign in"}
Completed 401 Unauthorized in 1ms (ActiveRecord: 0.0ms (0 queries, 0 cached) | GC: 0.0ms)


Processing by Devise::SessionsController#new as TURBO_STREAM
  Parameters: {"authenticity_token"=>"[FILTERED]", "user"=>{"email"=>"[FILTERED]", "password"=>"[FILTERED]", "remember_me"=>"0"}, "commit"=>"Sign in"}
  Rendering layout layouts/devise.html.erb
  Rendering devise/sessions/new.html.erb within layouts/devise
  Rendered devise/shared/_links.html.erb (Duration: 0.1ms | GC: 0.0ms)
  Rendered devise/sessions/new.html.erb within layouts/devise (Duration: 1.1ms | GC: 0.0ms)
  Rendered shared/_flash.html.erb (Duration: 0.0ms | GC: 0.0ms)
  Rendered layout layouts/devise.html.erb (Duration: 1.5ms | GC: 0.0ms)
Completed 200 OK in 3ms (Views: 1.9ms | ActiveRecord: 0.0ms (0 queries, 0 cached) | GC: 0.4ms)


Started GET "/secure/sign_in" for 127.0.0.1 at 2026-02-10 10:41:04 -0300
Processing by Devise::SessionsController#new as HTML
  Rendering layout layouts/devise.html.erb
  Rendering devise/sessions/new.html.erb within layouts/devise
  Rendered devise/shared/_links.html.erb (Duration: 1.0ms | GC: 0.0ms)
  Rendered devise/sessions/new.html.erb within layouts/devise (Duration: 3.1ms | GC: 0.0ms)
  Rendered shared/_flash.html.erb (Duration: 0.4ms | GC: 0.0ms)
  Rendered layout layouts/devise.html.erb (Duration: 4.5ms | GC: 0.0ms)
Completed 200 OK in 10ms (Views: 6.3ms | ActiveRecord: 0.0ms (0 queries, 0 cached) | GC: 0.2ms)


Started POST "/secure/sign_in" for 127.0.0.1 at 2026-02-10 10:41:05 -0300
Processing by Devise::SessionsController#create as TURBO_STREAM
  Parameters: {"authenticity_token"=>"[FILTERED]", "user"=>{"email"=>"[FILTERED]", "password"=>"[FILTERED]", "remember_me"=>"0"}, "commit"=>"Sign in"}
Completed 401 Unauthorized in 2ms (ActiveRecord: 0.0ms (0 queries, 0 cached) | GC: 0.0ms)


Processing by Devise::SessionsController#new as TURBO_STREAM
  Parameters: {"authenticity_token"=>"[FILTERED]", "user"=>{"email"=>"[FILTERED]", "password"=>"[FILTERED]", "remember_me"=>"0"}, "commit"=>"Sign in"}
  Rendering layout layouts/devise.html.erb
  Rendering devise/sessions/new.html.erb within layouts/devise
  Rendered devise/shared/_links.html.erb (Duration: 0.2ms | GC: 0.0ms)
  Rendered devise/sessions/new.html.erb within layouts/devise (Duration: 1.8ms | GC: 0.0ms)
  Rendered shared/_flash.html.erb (Duration: 0.0ms | GC: 0.0ms)
  Rendered layout layouts/devise.html.erb (Duration: 2.6ms | GC: 0.2ms)
Completed 200 OK in 4ms (Views: 3.0ms | ActiveRecord: 0.0ms (0 queries, 0 cached) | GC: 0.2ms)


Started POST "/secure/sign_in" for 127.0.0.1 at 2026-02-10 10:41:24 -0300
Processing by Devise::SessionsController#create as TURBO_STREAM
  Parameters: {"authenticity_token"=>"[FILTERED]", "user"=>{"email"=>"[FILTERED]", "password"=>"[FILTERED]", "remember_me"=>"0"}, "commit"=>"Sign in"}
Completed 401 Unauthorized in 1ms (ActiveRecord: 0.0ms (0 queries, 0 cached) | GC: 0.0ms)


Processing by Devise::SessionsController#new as TURBO_STREAM
  Parameters: {"authenticity_token"=>"[FILTERED]", "user"=>{"email"=>"[FILTERED]", "password"=>"[FILTERED]", "remember_me"=>"0"}, "commit"=>"Sign in"}
  Rendering layout layouts/devise.html.erb
  Rendering devise/sessions/new.html.erb within layouts/devise
  Rendered devise/shared/_links.html.erb (Duration: 0.1ms | GC: 0.0ms)
  Rendered devise/sessions/new.html.erb within layouts/devise (Duration: 1.1ms | GC: 0.0ms)
  Rendered shared/_flash.html.erb (Duration: 0.0ms | GC: 0.0ms)
  Rendered layout layouts/devise.html.erb (Duration: 1.8ms | GC: 0.0ms)
Completed 200 OK in 5ms (Views: 2.4ms | ActiveRecord: 0.0ms (0 queries, 0 cached) | GC: 0.2ms)


Started GET "/" for 127.0.0.1 at 2026-02-10 10:41:26 -0300
Processing by PagesController#home as HTML
  Rendering layout layouts/application.html.erb
  Rendering pages/home.html.erb within layouts/application
  Rendered pages/home.html.erb within layouts/application (Duration: 0.3ms | GC: 0.0ms)
  Rendered shared/_navbar.html.erb (Duration: 0.6ms | GC: 0.0ms)
  Rendered shared/_flash.html.erb (Duration: 0.1ms | GC: 0.0ms)
  Rendered layout layouts/application.html.erb (Duration: 4.1ms | GC: 0.0ms)
Completed 200 OK in 8ms (Views: 5.7ms | ActiveRecord: 0.0ms (0 queries, 0 cached) | GC: 0.3ms)


Started GET "/secure/sign_in" for 127.0.0.1 at 2026-02-10 10:52:21 -0300
  [1m[36mActiveRecord::SchemaMigration Load (2.1ms)[0m  [1m[34mSELECT "schema_migrations"."version" FROM "schema_migrations" ORDER BY "schema_migrations"."version" ASC /*application='RailsGuide'*/[0m
Processing by Devise::SessionsController#new as HTML
  Rendering layout layouts/devise.html.erb
  Rendering devise/sessions/new.html.erb within layouts/devise
  Rendered devise/shared/_links.html.erb (Duration: 0.8ms | GC: 0.0ms)
  Rendered devise/sessions/new.html.erb within layouts/devise (Duration: 7.1ms | GC: 0.0ms)
  Rendered shared/_flash.html.erb (Duration: 0.4ms | GC: 0.0ms)
  Rendered layout layouts/devise.html.erb (Duration: 38.7ms | GC: 11.6ms)
Completed 200 OK in 96ms (Views: 47.2ms | ActiveRecord: 8.8ms (0 queries, 0 cached) | GC: 11.6ms)


Started GET "/secure/password/new" for 127.0.0.1 at 2026-02-10 10:52:43 -0300
Processing by Devise::PasswordsController#new as HTML
  Rendering layout layouts/devise.html.erb
  Rendering devise/passwords/new.html.erb within layouts/devise
  Rendered devise/shared/_error_messages.html.erb (Duration: 0.4ms | GC: 0.0ms)
  Rendered devise/shared/_links.html.erb (Duration: 0.3ms | GC: 0.0ms)
  Rendered devise/passwords/new.html.erb within layouts/devise (Duration: 3.2ms | GC: 0.3ms)
  Rendered shared/_flash.html.erb (Duration: 0.0ms | GC: 0.0ms)
  Rendered layout layouts/devise.html.erb (Duration: 3.9ms | GC: 0.3ms)
Completed 200 OK in 6ms (Views: 4.4ms | ActiveRecord: 0.0ms (0 queries, 0 cached) | GC: 0.3ms)


Started GET "/secure/sign_up" for 127.0.0.1 at 2026-02-10 10:52:43 -0300
Processing by Devise::RegistrationsController#new as HTML
  Rendering layout layouts/devise.html.erb
  Rendering devise/registrations/new.html.erb within layouts/devise
  Rendered devise/shared/_error_messages.html.erb (Duration: 0.0ms | GC: 0.0ms)
  Rendered devise/shared/_links.html.erb (Duration: 0.2ms | GC: 0.0ms)
  Rendered devise/registrations/new.html.erb within layouts/devise (Duration: 3.5ms | GC: 0.5ms)
  Rendered shared/_flash.html.erb (Duration: 0.0ms | GC: 0.0ms)
  Rendered layout layouts/devise.html.erb (Duration: 4.3ms | GC: 0.5ms)
Completed 200 OK in 7ms (Views: 5.3ms | ActiveRecord: 0.0ms (0 queries, 0 cached) | GC: 0.5ms)


Started POST "/secure" for 127.0.0.1 at 2026-02-10 10:52:48 -0300
Processing by Devise::RegistrationsController#create as TURBO_STREAM
  Parameters: {"authenticity_token"=>"[FILTERED]", "user"=>{"email"=>"[FILTERED]", "password"=>"[FILTERED]", "password_confirmation"=>"[FILTERED]"}, "commit"=>"Sign up"}
  Rendering layout layouts/devise.html.erb
  Rendering devise/registrations/new.html.erb within layouts/devise
  Rendered devise/shared/_error_messages.html.erb (Duration: 0.7ms | GC: 0.0ms)
  Rendered devise/shared/_links.html.erb (Duration: 0.1ms | GC: 0.0ms)
  Rendered devise/registrations/new.html.erb within layouts/devise (Duration: 2.5ms | GC: 0.2ms)
  Rendered shared/_flash.html.erb (Duration: 0.0ms | GC: 0.0ms)
  Rendered layout layouts/devise.html.erb (Duration: 2.9ms | GC: 0.2ms)
Completed 422 Unprocessable Content in 8ms (Views: 3.4ms | ActiveRecord: 0.0ms (0 queries, 0 cached) | GC: 0.5ms)


Started GET "/secure/sign_up" for 127.0.0.1 at 2026-02-10 10:55:26 -0300
Processing by Devise::RegistrationsController#new as HTML
  Rendering layout layouts/devise.html.erb
  Rendering devise/registrations/new.html.erb within layouts/devise
  Rendered devise/shared/_error_messages.html.erb (Duration: 0.0ms | GC: 0.0ms)
  Rendered devise/shared/_links.html.erb (Duration: 0.1ms | GC: 0.0ms)
  Rendered devise/registrations/new.html.erb within layouts/devise (Duration: 1.4ms | GC: 0.0ms)
  Rendered shared/_flash.html.erb (Duration: 0.0ms | GC: 0.0ms)
  Rendered layout layouts/devise.html.erb (Duration: 9.6ms | GC: 0.0ms)
Completed 200 OK in 12ms (Views: 10.1ms | ActiveRecord: 0.0ms (0 queries, 0 cached) | GC: 0.1ms)


Started POST "/secure" for 127.0.0.1 at 2026-02-10 10:55:27 -0300
Processing by Devise::RegistrationsController#create as TURBO_STREAM
  Parameters: {"authenticity_token"=>"[FILTERED]", "user"=>{"email"=>"[FILTERED]", "password"=>"[FILTERED]", "password_confirmation"=>"[FILTERED]"}, "commit"=>"Sign up"}
  Rendering layout layouts/devise.html.erb
  Rendering devise/registrations/new.html.erb within layouts/devise
  Rendered devise/shared/_error_messages.html.erb (Duration: 1.3ms | GC: 0.5ms)
  Rendered devise/shared/_links.html.erb (Duration: 0.1ms | GC: 0.0ms)
  Rendered devise/registrations/new.html.erb within layouts/devise (Duration: 3.1ms | GC: 0.5ms)
  Rendered shared/_flash.html.erb (Duration: 0.0ms | GC: 0.0ms)
  Rendered layout layouts/devise.html.erb (Duration: 3.7ms | GC: 0.5ms)
Completed 422 Unprocessable Content in 8ms (Views: 4.1ms | ActiveRecord: 0.0ms (0 queries, 0 cached) | GC: 0.5ms)


  [1m[36mUser Load (3.1ms)[0m  [1m[34mSELECT "users".* FROM "users" ORDER BY "users"."id" ASC LIMIT 1 /*application='RailsGuide'*/[0m
Started GET "/secure/sign_in" for 127.0.0.1 at 2026-02-10 13:21:38 -0300
Processing by Devise::SessionsController#new as HTML
  Rendering layout layouts/devise.html.erb
  Rendering devise/sessions/new.html.erb within layouts/devise
  Rendered devise/shared/_links.html.erb (Duration: 4.0ms | GC: 0.0ms)
  Rendered devise/sessions/new.html.erb within layouts/devise (Duration: 53.1ms | GC: 0.0ms)
  Rendered shared/_flash.html.erb (Duration: 2.5ms | GC: 0.0ms)
  Rendered layout layouts/devise.html.erb (Duration: 69.1ms | GC: 0.0ms)
Completed 200 OK in 151ms (Views: 90.4ms | ActiveRecord: 0.0ms (0 queries, 0 cached) | GC: 0.0ms)


Started POST "/secure" for 127.0.0.1 at 2026-02-10 13:21:39 -0300
Processing by Devise::RegistrationsController#create as TURBO_STREAM
  Parameters: {"authenticity_token"=>"[FILTERED]", "user"=>{"email"=>"[FILTERED]", "password"=>"[FILTERED]", "password_confirmation"=>"[FILTERED]"}, "commit"=>"Sign up"}
  Rendering layout layouts/devise.html.erb
  Rendering devise/registrations/new.html.erb within layouts/devise
  Rendered devise/shared/_error_messages.html.erb (Duration: 9.3ms | GC: 0.0ms)
  Rendered devise/shared/_links.html.erb (Duration: 0.6ms | GC: 0.0ms)
  Rendered devise/registrations/new.html.erb within layouts/devise (Duration: 16.3ms | GC: 0.0ms)
  Rendered shared/_flash.html.erb (Duration: 0.3ms | GC: 0.0ms)
  Rendered layout layouts/devise.html.erb (Duration: 19.4ms | GC: 0.0ms)
Completed 422 Unprocessable Content in 82ms (Views: 20.7ms | ActiveRecord: 0.0ms (0 queries, 0 cached) | GC: 0.0ms)


Started GET "/secure/sign_in" for 127.0.0.1 at 2026-02-10 13:21:46 -0300
Processing by Devise::SessionsController#new as HTML
  Rendering layout layouts/devise.html.erb
  Rendering devise/sessions/new.html.erb within layouts/devise
  Rendered devise/shared/_links.html.erb (Duration: 0.3ms | GC: 0.0ms)
  Rendered devise/sessions/new.html.erb within layouts/devise (Duration: 2.0ms | GC: 0.0ms)
  Rendered shared/_flash.html.erb (Duration: 0.0ms | GC: 0.0ms)
  Rendered layout layouts/devise.html.erb (Duration: 3.0ms | GC: 0.0ms)
Completed 200 OK in 6ms (Views: 3.7ms | ActiveRecord: 0.0ms (0 queries, 0 cached) | GC: 0.0ms)


Started POST "/secure" for 127.0.0.1 at 2026-02-10 13:22:05 -0300
Processing by Devise::RegistrationsController#create as TURBO_STREAM
  Parameters: {"authenticity_token"=>"[FILTERED]", "user"=>{"email"=>"[FILTERED]", "password"=>"[FILTERED]", "password_confirmation"=>"[FILTERED]"}, "commit"=>"Sign up"}
  [1m[36mTRANSACTION (0.3ms)[0m  [1m[35mBEGIN /*action='create',application='RailsGuide',controller='registrations'*/[0m
  [1m[36mUser Exists? (4.8ms)[0m  [1m[34mSELECT 1 AS one FROM "users" WHERE "users"."email" = 'luanmagnosa@gmail.com' LIMIT 1 /*action='create',application='RailsGuide',controller='registrations'*/[0m
  [1m[36mUser Create (2.6ms)[0m  [1m[32mINSERT INTO "users" ("email", "encrypted_password", "reset_password_token", "reset_password_sent_at", "remember_created_at", "created_at", "updated_at") VALUES ('luanmagnosa@gmail.com', '$2a$12$9QWZ1I9k0ANiRWg2GACPyuFtT9o7x98yR0ZB5d7rA3Zz1ayZocaEe', NULL, NULL, NULL, '2026-02-10 16:22:05.717054', '2026-02-10 16:22:05.717054') RETURNING "id" /*action='create',application='RailsGuide',controller='registrations'*/[0m
  [1m[36mTRANSACTION (1.2ms)[0m  [1m[35mCOMMIT /*action='create',application='RailsGuide',controller='registrations'*/[0m
Redirected to http://localhost:3000/
Completed 303 See Other in 540ms (ActiveRecord: 12.3ms (2 queries, 0 cached) | GC: 30.4ms)


Started GET "/" for 127.0.0.1 at 2026-02-10 13:22:05 -0300
Processing by PagesController#home as TURBO_STREAM
  Rendering layout layouts/application.html.erb
  Rendering pages/home.html.erb within layouts/application
  Rendered pages/home.html.erb within layouts/application (Duration: 2.0ms | GC: 0.0ms)
  Rendered shared/_navbar.html.erb (Duration: 1.4ms | GC: 0.0ms)
  Rendered shared/_flash.html.erb (Duration: 0.2ms | GC: 0.0ms)
  Rendered layout layouts/application.html.erb (Duration: 11.8ms | GC: 0.9ms)
Completed 200 OK in 24ms (Views: 17.7ms | ActiveRecord: 0.0ms (0 queries, 0 cached) | GC: 0.9ms)


Started GET "/secure/sign_in" for 127.0.0.1 at 2026-02-10 13:22:09 -0300
Processing by Devise::SessionsController#new as HTML
  [1m[36mUser Load (1.8ms)[0m  [1m[34mSELECT "users".* FROM "users" WHERE "users"."id" = 1 ORDER BY "users"."id" ASC LIMIT 1 /*action='new',application='RailsGuide',controller='sessions'*/[0m
Redirected to http://localhost:3000/
Filter chain halted as :require_no_authentication rendered or redirected
Completed 302 Found in 14ms (ActiveRecord: 1.8ms (1 query, 0 cached) | GC: 0.5ms)


Started GET "/" for 127.0.0.1 at 2026-02-10 13:22:10 -0300
Processing by PagesController#home as HTML
  Rendering layout layouts/application.html.erb
  Rendering pages/home.html.erb within layouts/application
  Rendered pages/home.html.erb within layouts/application (Duration: 0.0ms | GC: 0.0ms)
  Rendered shared/_navbar.html.erb (Duration: 0.2ms | GC: 0.0ms)
  Rendered shared/_flash.html.erb (Duration: 0.0ms | GC: 0.0ms)
  Rendered layout layouts/application.html.erb (Duration: 1.1ms | GC: 0.0ms)
Completed 200 OK in 2ms (Views: 1.4ms | ActiveRecord: 0.0ms (0 queries, 0 cached) | GC: 0.0ms)


Started GET "/secure/sign_up" for 127.0.0.1 at 2026-02-10 13:22:10 -0300
Processing by Devise::RegistrationsController#new as HTML
  [1m[36mUser Load (1.1ms)[0m  [1m[34mSELECT "users".* FROM "users" WHERE "users"."id" = 1 ORDER BY "users"."id" ASC LIMIT 1 /*action='new',application='RailsGuide',controller='registrations'*/[0m
Redirected to http://localhost:3000/
Filter chain halted as :require_no_authentication rendered or redirected
Completed 302 Found in 8ms (ActiveRecord: 1.1ms (1 query, 0 cached) | GC: 1.1ms)


Started GET "/" for 127.0.0.1 at 2026-02-10 13:22:10 -0300
Processing by PagesController#home as HTML
  Rendering layout layouts/application.html.erb
  Rendering pages/home.html.erb within layouts/application
  Rendered pages/home.html.erb within layouts/application (Duration: 0.0ms | GC: 0.0ms)
  Rendered shared/_navbar.html.erb (Duration: 0.3ms | GC: 0.0ms)
  Rendered shared/_flash.html.erb (Duration: 0.1ms | GC: 0.0ms)
  Rendered layout layouts/application.html.erb (Duration: 3.6ms | GC: 0.0ms)
Completed 200 OK in 7ms (Views: 4.2ms | ActiveRecord: 0.0ms (0 queries, 0 cached) | GC: 0.6ms)


  [1m[36mUser Load (0.7ms)[0m  [1m[34mSELECT "users".* FROM "users" ORDER BY "users"."id" ASC LIMIT 1 /*application='RailsGuide'*/[0m
Started GET "/secure/sign_in" for 127.0.0.1 at 2026-02-10 16:39:39 -0300
Processing by Devise::SessionsController#new as HTML
  [1m[36mUser Load (39.1ms)[0m  [1m[34mSELECT "users".* FROM "users" WHERE "users"."id" = 1 ORDER BY "users"."id" ASC LIMIT 1 /*action='new',application='RailsGuide',controller='sessions'*/[0m
Redirected to http://localhost:3000/
Filter chain halted as :require_no_authentication rendered or redirected
Completed 302 Found in 44ms (ActiveRecord: 47.0ms (1 query, 0 cached) | GC: 0.2ms)


Started GET "/" for 127.0.0.1 at 2026-02-10 16:39:39 -0300
Processing by PagesController#home as HTML
  Rendering layout layouts/application.html.erb
  Rendering pages/home.html.erb within layouts/application
  Rendered pages/home.html.erb within layouts/application (Duration: 0.0ms | GC: 0.0ms)
  Rendered shared/_navbar.html.erb (Duration: 0.1ms | GC: 0.0ms)
  Rendered shared/_flash.html.erb (Duration: 0.0ms | GC: 0.0ms)
  Rendered layout layouts/application.html.erb (Duration: 2.6ms | GC: 0.2ms)
Completed 200 OK in 4ms (Views: 3.0ms | ActiveRecord: 0.0ms (0 queries, 0 cached) | GC: 0.2ms)


Started GET "/secure/sign_up" for 127.0.0.1 at 2026-02-10 16:39:40 -0300
Processing by Devise::RegistrationsController#new as HTML
  [1m[36mUser Load (0.8ms)[0m  [1m[34mSELECT "users".* FROM "users" WHERE "users"."id" = 1 ORDER BY "users"."id" ASC LIMIT 1 /*action='new',application='RailsGuide',controller='registrations'*/[0m
Redirected to http://localhost:3000/
Filter chain halted as :require_no_authentication rendered or redirected
Completed 302 Found in 5ms (ActiveRecord: 0.7ms (1 query, 0 cached) | GC: 0.2ms)


Started GET "/" for 127.0.0.1 at 2026-02-10 16:39:40 -0300
Processing by PagesController#home as HTML
  Rendering layout layouts/application.html.erb
  Rendering pages/home.html.erb within layouts/application
  Rendered pages/home.html.erb within layouts/application (Duration: 0.1ms | GC: 0.0ms)
  Rendered shared/_navbar.html.erb (Duration: 0.2ms | GC: 0.0ms)
  Rendered shared/_flash.html.erb (Duration: 0.1ms | GC: 0.0ms)
  Rendered layout layouts/application.html.erb (Duration: 15.2ms | GC: 3.3ms)
Completed 200 OK in 76ms (Views: 48.8ms | ActiveRecord: 0.0ms (0 queries, 0 cached) | GC: 19.9ms)


Started GET "/" for 127.0.0.1 at 2026-02-10 16:42:51 -0300
Processing by PagesController#home as HTML
  Rendering layout layouts/application.html.erb
  Rendering pages/home.html.erb within layouts/application
  Rendered pages/home.html.erb within layouts/application (Duration: 0.2ms | GC: 0.0ms)
  [1m[36mUser Load (0.1ms)[0m  [1m[34mSELECT "users".* FROM "users" WHERE "users"."id" = 1 ORDER BY "users"."id" ASC LIMIT 1 /*action='home',application='RailsGuide',controller='pages'*/[0m
  ↳ app/views/shared/_navbar.html.erb:16
  Rendered shared/_navbar.html.erb (Duration: 9.7ms | GC: 0.2ms)
  Rendered shared/_flash.html.erb (Duration: 0.3ms | GC: 0.0ms)
  Rendered layout layouts/application.html.erb (Duration: 11.7ms | GC: 0.2ms)
Completed 200 OK in 14ms (Views: 8.3ms | ActiveRecord: 4.6ms (1 query, 0 cached) | GC: 0.3ms)


Started GET "/" for 127.0.0.1 at 2026-02-10 16:47:18 -0300
Processing by PagesController#home as HTML
  Rendering layout layouts/application.html.erb
  Rendering pages/home.html.erb within layouts/application
  Rendered pages/home.html.erb within layouts/application (Duration: 0.2ms | GC: 0.0ms)
  [1m[36mUser Load (0.3ms)[0m  [1m[34mSELECT "users".* FROM "users" WHERE "users"."id" = 1 ORDER BY "users"."id" ASC LIMIT 1 /*action='home',application='RailsGuide',controller='pages'*/[0m
  ↳ app/views/shared/_navbar.html.erb:16
  Rendered shared/_navbar.html.erb (Duration: 16.2ms | GC: 0.1ms)
  Rendered shared/_flash.html.erb (Duration: 1.1ms | GC: 0.0ms)
  Rendered layout layouts/application.html.erb (Duration: 20.1ms | GC: 0.1ms)
Completed 200 OK in 23ms (Views: 10.7ms | ActiveRecord: 11.2ms (1 query, 0 cached) | GC: 0.1ms)


Started DELETE "/secure/sign_out?_method=delete" for 127.0.0.1 at 2026-02-10 16:47:21 -0300
Processing by Devise::SessionsController#destroy as TURBO_STREAM
  [1m[36mUser Load (0.6ms)[0m  [1m[34mSELECT "users".* FROM "users" WHERE "users"."id" = 1 ORDER BY "users"."id" ASC LIMIT 1 /*action='destroy',application='RailsGuide',controller='sessions'*/[0m
Redirected to http://localhost:3000/
Completed 303 See Other in 14ms (ActiveRecord: 0.6ms (1 query, 0 cached) | GC: 0.3ms)


Started GET "/" for 127.0.0.1 at 2026-02-10 16:47:21 -0300
Processing by PagesController#home as TURBO_STREAM
  Rendering layout layouts/application.html.erb
  Rendering pages/home.html.erb within layouts/application
  Rendered pages/home.html.erb within layouts/application (Duration: 0.1ms | GC: 0.0ms)
  Rendered shared/_navbar.html.erb (Duration: 0.4ms | GC: 0.0ms)
  Rendered shared/_flash.html.erb (Duration: 0.0ms | GC: 0.0ms)
  Rendered layout layouts/application.html.erb (Duration: 1.9ms | GC: 0.0ms)
Completed 200 OK in 4ms (Views: 2.7ms | ActiveRecord: 0.0ms (0 queries, 0 cached) | GC: 0.2ms)


Started GET "/secure/sign_up" for 127.0.0.1 at 2026-02-10 16:47:21 -0300
Processing by Devise::RegistrationsController#new as HTML
  Rendering layout layouts/devise.html.erb
  Rendering devise/registrations/new.html.erb within layouts/devise
  Rendered devise/shared/_error_messages.html.erb (Duration: 0.5ms | GC: 0.0ms)
  Rendered devise/shared/_links.html.erb (Duration: 0.8ms | GC: 0.0ms)
  Rendered devise/registrations/new.html.erb within layouts/devise (Duration: 5.6ms | GC: 0.0ms)
  Rendered shared/_flash.html.erb (Duration: 0.1ms | GC: 0.0ms)
  Rendered layout layouts/devise.html.erb (Duration: 7.3ms | GC: 0.0ms)
Completed 200 OK in 16ms (Views: 11.5ms | ActiveRecord: 0.0ms (0 queries, 0 cached) | GC: 0.5ms)


Started GET "/secure/sign_in" for 127.0.0.1 at 2026-02-10 16:47:39 -0300
Processing by Devise::SessionsController#new as HTML
  Rendering layout layouts/devise.html.erb
  Rendering devise/sessions/new.html.erb within layouts/devise
  Rendered devise/shared/_links.html.erb (Duration: 0.3ms | GC: 0.0ms)
  Rendered devise/sessions/new.html.erb within layouts/devise (Duration: 3.0ms | GC: 0.0ms)
  Rendered shared/_flash.html.erb (Duration: 0.1ms | GC: 0.0ms)
  Rendered layout layouts/devise.html.erb (Duration: 4.7ms | GC: 0.4ms)
Completed 200 OK in 11ms (Views: 7.7ms | ActiveRecord: 0.0ms (0 queries, 0 cached) | GC: 0.4ms)


Started POST "/secure/sign_in" for 127.0.0.1 at 2026-02-10 16:47:50 -0300
Processing by Devise::SessionsController#create as TURBO_STREAM
  Parameters: {"authenticity_token"=>"[FILTERED]", "user"=>{"email"=>"[FILTERED]", "password"=>"[FILTERED]", "remember_me"=>"0"}, "commit"=>"Sign in"}
  [1m[36mUser Load (0.8ms)[0m  [1m[34mSELECT "users".* FROM "users" WHERE "users"."email" = 'luanmagnosa@gmail.com' ORDER BY "users"."id" ASC LIMIT 1 /*action='create',application='RailsGuide',controller='sessions'*/[0m
Redirected to http://localhost:3000/
Completed 303 See Other in 195ms (ActiveRecord: 0.8ms (1 query, 0 cached) | GC: 0.0ms)


Started GET "/" for 127.0.0.1 at 2026-02-10 16:47:50 -0300
Processing by PagesController#home as TURBO_STREAM
  Rendering layout layouts/application.html.erb
  Rendering pages/home.html.erb within layouts/application
  Rendered pages/home.html.erb within layouts/application (Duration: 0.0ms | GC: 0.0ms)
  [1m[36mUser Load (0.4ms)[0m  [1m[34mSELECT "users".* FROM "users" WHERE "users"."id" = 1 ORDER BY "users"."id" ASC LIMIT 1 /*action='home',application='RailsGuide',controller='pages'*/[0m
  ↳ app/views/shared/_navbar.html.erb:16
  Rendered shared/_navbar.html.erb (Duration: 1.4ms | GC: 0.0ms)
  Rendered shared/_flash.html.erb (Duration: 0.1ms | GC: 0.0ms)
  Rendered layout layouts/application.html.erb (Duration: 2.3ms | GC: 0.0ms)
Completed 200 OK in 3ms (Views: 2.1ms | ActiveRecord: 0.4ms (1 query, 0 cached) | GC: 0.0ms)


Started GET "/" for 127.0.0.1 at 2026-02-10 16:51:05 -0300
Processing by PagesController#home as HTML
  Rendering layout layouts/application.html.erb
  Rendering pages/home.html.erb within layouts/application
  Rendered pages/home.html.erb within layouts/application (Duration: 0.2ms | GC: 0.0ms)
  [1m[36mUser Load (0.2ms)[0m  [1m[34mSELECT "users".* FROM "users" WHERE "users"."id" = 1 ORDER BY "users"."id" ASC LIMIT 1 /*action='home',application='RailsGuide',controller='pages'*/[0m
  ↳ app/views/shared/_navbar.html.erb:16
  Rendered shared/_navbar.html.erb (Duration: 7.4ms | GC: 0.1ms)
  Rendered shared/_flash.html.erb (Duration: 0.2ms | GC: 0.0ms)
  Rendered layout layouts/application.html.erb (Duration: 9.8ms | GC: 0.2ms)
Completed 200 OK in 11ms (Views: 8.2ms | ActiveRecord: 2.3ms (1 query, 0 cached) | GC: 0.2ms)


Started GET "/" for 127.0.0.1 at 2026-02-10 17:00:01 -0300
Processing by PagesController#home as HTML
  Rendering layout layouts/application.html.erb
  Rendering pages/home.html.erb within layouts/application
  Rendered pages/home.html.erb within layouts/application (Duration: 0.2ms | GC: 0.0ms)
  [1m[36mUser Load (29.7ms)[0m  [1m[34mSELECT "users".* FROM "users" WHERE "users"."id" = 1 ORDER BY "users"."id" ASC LIMIT 1 /*action='home',application='RailsGuide',controller='pages'*/[0m
  ↳ app/views/shared/_navbar.html.erb:16
  Rendered shared/_navbar.html.erb (Duration: 34.0ms | GC: 0.6ms)
  Rendered shared/_flash.html.erb (Duration: 0.3ms | GC: 0.0ms)
  Rendered layout layouts/application.html.erb (Duration: 36.4ms | GC: 0.6ms)
Completed 200 OK in 38ms (Views: 4.9ms | ActiveRecord: 32.2ms (1 query, 0 cached) | GC: 0.6ms)


Started GET "/" for 127.0.0.1 at 2026-02-10 17:25:53 -0300
Processing by PagesController#home as HTML
  Rendering layout layouts/application.html.erb
  Rendering pages/home.html.erb within layouts/application
  Rendered pages/home.html.erb within layouts/application (Duration: 0.4ms | GC: 0.0ms)
  [1m[36mUser Load (22.2ms)[0m  [1m[34mSELECT "users".* FROM "users" WHERE "users"."id" = 1 ORDER BY "users"."id" ASC LIMIT 1 /*action='home',application='RailsGuide',controller='pages'*/[0m
  ↳ app/views/shared/_navbar.html.erb:16
  Rendered shared/_navbar.html.erb (Duration: 32.8ms | GC: 3.3ms)
  Rendered shared/_flash.html.erb (Duration: 0.3ms | GC: 0.0ms)
  Rendered layout layouts/application.html.erb (Duration: 36.6ms | GC: 3.3ms)
Completed 200 OK in 39ms (Views: 11.3ms | ActiveRecord: 26.4ms (1 query, 0 cached) | GC: 3.3ms)


Started GET "/" for 127.0.0.1 at 2026-02-10 17:26:18 -0300
Processing by PagesController#home as HTML
  Rendering layout layouts/application.html.erb
  Rendering pages/home.html.erb within layouts/application
  Rendered pages/home.html.erb within layouts/application (Duration: 0.2ms | GC: 0.0ms)
  [1m[36mUser Load (0.1ms)[0m  [1m[34mSELECT "users".* FROM "users" WHERE "users"."id" = 1 ORDER BY "users"."id" ASC LIMIT 1 /*action='home',application='RailsGuide',controller='pages'*/[0m
  ↳ app/views/shared/_navbar.html.erb:16
  Rendered shared/_navbar.html.erb (Duration: 7.0ms | GC: 0.2ms)
  Rendered shared/_flash.html.erb (Duration: 0.3ms | GC: 0.0ms)
  Rendered layout layouts/application.html.erb (Duration: 9.2ms | GC: 0.4ms)
Completed 200 OK in 11ms (Views: 7.8ms | ActiveRecord: 2.4ms (1 query, 0 cached) | GC: 0.4ms)


Started GET "/" for 127.0.0.1 at 2026-02-10 17:28:27 -0300
Processing by PagesController#home as HTML
  Rendering layout layouts/application.html.erb
  Rendering pages/home.html.erb within layouts/application
  Rendered pages/home.html.erb within layouts/application (Duration: 0.1ms | GC: 0.0ms)
  [1m[36mUser Load (0.3ms)[0m  [1m[34mSELECT "users".* FROM "users" WHERE "users"."id" = 1 ORDER BY "users"."id" ASC LIMIT 1 /*action='home',application='RailsGuide',controller='pages'*/[0m
  ↳ app/views/shared/_navbar.html.erb:16
  Rendered shared/_navbar.html.erb (Duration: 5.2ms | GC: 0.1ms)
  Rendered shared/_flash.html.erb (Duration: 0.7ms | GC: 0.0ms)
  Rendered layout layouts/application.html.erb (Duration: 7.8ms | GC: 0.1ms)
Completed 200 OK in 10ms (Views: 6.8ms | ActiveRecord: 1.7ms (1 query, 0 cached) | GC: 0.3ms)


Started GET "/secure/edit" for 127.0.0.1 at 2026-02-10 17:28:29 -0300
Processing by Devise::RegistrationsController#edit as HTML
  [1m[36mUser Load (0.4ms)[0m  [1m[34mSELECT "users".* FROM "users" WHERE "users"."id" = 1 ORDER BY "users"."id" ASC LIMIT 1 /*action='edit',application='RailsGuide',controller='registrations'*/[0m
  Rendering layout layouts/devise.html.erb
  Rendering devise/registrations/edit.html.erb within layouts/devise
  Rendered devise/shared/_error_messages.html.erb (Duration: 0.6ms | GC: 0.0ms)
  Rendered devise/registrations/edit.html.erb within layouts/devise (Duration: 4.7ms | GC: 0.0ms)
  Rendered shared/_flash.html.erb (Duration: 0.1ms | GC: 0.0ms)
  Rendered layout layouts/devise.html.erb (Duration: 6.2ms | GC: 0.0ms)
Completed 200 OK in 12ms (Views: 7.8ms | ActiveRecord: 0.4ms (1 query, 0 cached) | GC: 0.0ms)


Started GET "/secure/edit" for 127.0.0.1 at 2026-02-10 17:36:34 -0300
Processing by Devise::RegistrationsController#edit as HTML
  [1m[36mUser Load (23.4ms)[0m  [1m[34mSELECT "users".* FROM "users" WHERE "users"."id" = 1 ORDER BY "users"."id" ASC LIMIT 1 /*action='edit',application='RailsGuide',controller='registrations'*/[0m
  Rendering layout layouts/devise.html.erb
  Rendering devise/registrations/edit.html.erb within layouts/devise
  Rendered devise/shared/_error_messages.html.erb (Duration: 0.2ms | GC: 0.0ms)
  Rendered devise/registrations/edit.html.erb within layouts/devise (Duration: 2.3ms | GC: 0.0ms)
  Rendered shared/_flash.html.erb (Duration: 0.3ms | GC: 0.0ms)
  Rendered layout layouts/devise.html.erb (Duration: 4.1ms | GC: 0.1ms)
Completed 500 Internal Server Error in 35ms (ActiveRecord: 28.4ms (1 query, 0 cached) | GC: 0.5ms)


  
ActionView::Template::Error (undefined local variable or method `edit_user_registration' for #<ActionView::Base:0x00000000031d58>)
Caused by: NameError (undefined local variable or method `edit_user_registration' for #<ActionView::Base:0x00000000031d58>)

Information for: ActionView::Template::Error (undefined local variable or method `edit_user_registration' for #<ActionView::Base:0x00000000031d58>):
    27:     <div class="vh-100">
    28:       <%= render(partial: 'shared/flash') %>
    29:       <%= render(partial: 'shared/navbar') if current_page? (edit_user_registration)%>
    30:         <div class="h-100 container d-flex flex-column justify-content-center align-items-center">
    31:             <%= logo %>
    32:                 
    33:             <div class="card card--auth shadow-sm w-100">
  
app/views/layouts/devise.html.erb:30

Information for cause: NameError (undefined local variable or method `edit_user_registration' for #<ActionView::Base:0x00000000031d58>):
  
app/views/layouts/devise.html.erb:30
Started GET "/favicon.ico" for 127.0.0.1 at 2026-02-10 17:36:34 -0300
  
ActionController::RoutingError (No route matches [GET] "/favicon.ico"):
  
Started GET "/secure/edit" for 127.0.0.1 at 2026-02-10 17:37:04 -0300
Processing by Devise::RegistrationsController#edit as HTML
  [1m[36mUser Load (0.3ms)[0m  [1m[34mSELECT "users".* FROM "users" WHERE "users"."id" = 1 ORDER BY "users"."id" ASC LIMIT 1 /*action='edit',application='RailsGuide',controller='registrations'*/[0m
  Rendering layout layouts/devise.html.erb
  Rendering devise/registrations/edit.html.erb within layouts/devise
  Rendered devise/shared/_error_messages.html.erb (Duration: 0.2ms | GC: 0.0ms)
  Rendered devise/registrations/edit.html.erb within layouts/devise (Duration: 2.4ms | GC: 0.0ms)
  Rendered shared/_flash.html.erb (Duration: 0.2ms | GC: 0.0ms)
  Rendered shared/_navbar.html.erb (Duration: 0.8ms | GC: 0.2ms)
  Rendered layout layouts/devise.html.erb (Duration: 4.5ms | GC: 0.2ms)
Completed 200 OK in 14ms (Views: 6.0ms | ActiveRecord: 3.0ms (1 query, 0 cached) | GC: 0.5ms)


Started GET "/" for 127.0.0.1 at 2026-02-10 17:37:08 -0300
Processing by PagesController#home as HTML
  Rendering layout layouts/application.html.erb
  Rendering pages/home.html.erb within layouts/application
  Rendered pages/home.html.erb within layouts/application (Duration: 1.0ms | GC: 0.0ms)
  [1m[36mUser Load (0.5ms)[0m  [1m[34mSELECT "users".* FROM "users" WHERE "users"."id" = 1 ORDER BY "users"."id" ASC LIMIT 1 /*action='home',application='RailsGuide',controller='pages'*/[0m
  ↳ app/views/shared/_navbar.html.erb:16
  Rendered shared/_navbar.html.erb (Duration: 5.1ms | GC: 0.0ms)
  Rendered shared/_flash.html.erb (Duration: 0.1ms | GC: 0.0ms)
  Rendered layout layouts/application.html.erb (Duration: 13.0ms | GC: 0.0ms)
Completed 200 OK in 21ms (Views: 17.3ms | ActiveRecord: 0.5ms (1 query, 0 cached) | GC: 0.7ms)


Started GET "/about" for 127.0.0.1 at 2026-02-10 17:37:09 -0300
Processing by PagesController#about as HTML
  Rendering layout layouts/application.html.erb
  Rendering pages/about.html.erb within layouts/application
  Rendered pages/about.html.erb within layouts/application (Duration: 0.2ms | GC: 0.0ms)
  [1m[36mUser Load (0.7ms)[0m  [1m[34mSELECT "users".* FROM "users" WHERE "users"."id" = 1 ORDER BY "users"."id" ASC LIMIT 1 /*action='about',application='RailsGuide',controller='pages'*/[0m
  ↳ app/views/shared/_navbar.html.erb:16
  Rendered shared/_navbar.html.erb (Duration: 3.2ms | GC: 0.0ms)
  Rendered shared/_flash.html.erb (Duration: 0.1ms | GC: 0.0ms)
  Rendered layout layouts/application.html.erb (Duration: 4.8ms | GC: 0.0ms)
Completed 200 OK in 7ms (Views: 4.6ms | ActiveRecord: 0.7ms (1 query, 0 cached) | GC: 0.2ms)


Started GET "/" for 127.0.0.1 at 2026-02-10 17:37:09 -0300
Processing by PagesController#home as HTML
  Rendering layout layouts/application.html.erb
  Rendering pages/home.html.erb within layouts/application
  Rendered pages/home.html.erb within layouts/application (Duration: 0.0ms | GC: 0.0ms)
  [1m[36mUser Load (0.4ms)[0m  [1m[34mSELECT "users".* FROM "users" WHERE "users"."id" = 1 ORDER BY "users"."id" ASC LIMIT 1 /*action='home',application='RailsGuide',controller='pages'*/[0m
  ↳ app/views/shared/_navbar.html.erb:16
  Rendered shared/_navbar.html.erb (Duration: 1.4ms | GC: 0.0ms)
  Rendered shared/_flash.html.erb (Duration: 0.0ms | GC: 0.0ms)
  Rendered layout layouts/application.html.erb (Duration: 2.2ms | GC: 0.0ms)
Completed 200 OK in 3ms (Views: 2.1ms | ActiveRecord: 0.3ms (1 query, 0 cached) | GC: 0.1ms)


Started GET "/secure/edit" for 127.0.0.1 at 2026-02-10 17:39:55 -0300
Processing by Devise::RegistrationsController#edit as HTML
  [1m[36mUser Load (0.6ms)[0m  [1m[34mSELECT "users".* FROM "users" WHERE "users"."id" = 1 ORDER BY "users"."id" ASC LIMIT 1 /*action='edit',application='RailsGuide',controller='registrations'*/[0m
  Rendering layout layouts/devise.html.erb
  Rendering devise/registrations/edit.html.erb within layouts/devise
  Rendered devise/shared/_error_messages.html.erb (Duration: 0.9ms | GC: 0.0ms)
  Rendered devise/registrations/edit.html.erb within layouts/devise (Duration: 7.4ms | GC: 0.8ms)
  Rendered shared/_flash.html.erb (Duration: 0.2ms | GC: 0.0ms)
  Rendered shared/_navbar.html.erb (Duration: 0.5ms | GC: 0.0ms)
  Rendered layout layouts/devise.html.erb (Duration: 10.7ms | GC: 0.8ms)
Completed 200 OK in 36ms (Views: 12.1ms | ActiveRecord: 7.3ms (1 query, 0 cached) | GC: 3.0ms)


Started GET "/secure/edit" for 127.0.0.1 at 2026-02-10 17:40:53 -0300
Processing by Devise::RegistrationsController#edit as HTML
  [1m[36mUser Load (0.4ms)[0m  [1m[34mSELECT "users".* FROM "users" WHERE "users"."id" = 1 ORDER BY "users"."id" ASC LIMIT 1 /*action='edit',application='RailsGuide',controller='registrations'*/[0m
  Rendering layout layouts/devise.html.erb
  Rendering devise/registrations/edit.html.erb within layouts/devise
  Rendered devise/shared/_error_messages.html.erb (Duration: 0.2ms | GC: 0.0ms)
  Rendered devise/registrations/edit.html.erb within layouts/devise (Duration: 2.7ms | GC: 0.0ms)
  Rendered shared/_flash.html.erb (Duration: 0.2ms | GC: 0.0ms)
  Rendered shared/_navbar.html.erb (Duration: 0.5ms | GC: 0.0ms)
  Rendered layout layouts/devise.html.erb (Duration: 5.5ms | GC: 0.2ms)
Completed 200 OK in 21ms (Views: 7.8ms | ActiveRecord: 2.6ms (1 query, 0 cached) | GC: 0.7ms)


Started GET "/" for 127.0.0.1 at 2026-02-10 17:40:55 -0300
Processing by PagesController#home as HTML
  Rendering layout layouts/application.html.erb
  Rendering pages/home.html.erb within layouts/application
  Rendered pages/home.html.erb within layouts/application (Duration: 0.4ms | GC: 0.0ms)
  [1m[36mUser Load (0.4ms)[0m  [1m[34mSELECT "users".* FROM "users" WHERE "users"."id" = 1 ORDER BY "users"."id" ASC LIMIT 1 /*action='home',application='RailsGuide',controller='pages'*/[0m
  ↳ app/views/shared/_navbar.html.erb:16
  Rendered shared/_navbar.html.erb (Duration: 2.7ms | GC: 0.4ms)
  Rendered shared/_flash.html.erb (Duration: 0.1ms | GC: 0.0ms)
  Rendered layout layouts/application.html.erb (Duration: 5.0ms | GC: 0.4ms)
Completed 200 OK in 9ms (Views: 6.5ms | ActiveRecord: 0.4ms (1 query, 0 cached) | GC: 0.4ms)


  [1m[36mActiveRecord::SchemaMigration Load (0.8ms)[0m  [1m[34mSELECT "schema_migrations"."version" FROM "schema_migrations" ORDER BY "schema_migrations"."version" ASC /*application='RailsGuide'*/[0m
Started GET "/" for 127.0.0.1 at 2026-02-11 08:02:24 -0300
  [1m[36mActiveRecord::SchemaMigration Load (0.7ms)[0m  [1m[34mSELECT "schema_migrations"."version" FROM "schema_migrations" ORDER BY "schema_migrations"."version" ASC /*application='RailsGuide'*/[0m
Processing by PagesController#home as HTML
  Rendering layout layouts/application.html.erb
  Rendering pages/home.html.erb within layouts/application
  Rendered pages/home.html.erb within layouts/application (Duration: 0.2ms | GC: 0.0ms)
  Rendered shared/_navbar.html.erb (Duration: 0.6ms | GC: 0.0ms)
  Rendered shared/_flash.html.erb (Duration: 0.2ms | GC: 0.0ms)
  Rendered layout layouts/application.html.erb (Duration: 21.3ms | GC: 7.2ms)
Completed 200 OK in 30ms (Views: 24.4ms | ActiveRecord: 0.0ms (0 queries, 0 cached) | GC: 7.2ms)


Started GET "/" for 127.0.0.1 at 2026-02-11 08:14:10 -0300
Processing by PagesController#home as HTML
  Rendering layout layouts/application.html.erb
  Rendering pages/home.html.erb within layouts/application
  Rendered pages/home.html.erb within layouts/application (Duration: 0.0ms | GC: 0.0ms)
  Rendered shared/_navbar.html.erb (Duration: 0.8ms | GC: 0.0ms)
  Rendered shared/_flash.html.erb (Duration: 0.0ms | GC: 0.0ms)
  Rendered layout layouts/application.html.erb (Duration: 1.6ms | GC: 0.0ms)
Completed 200 OK in 3ms (Views: 1.9ms | ActiveRecord: 0.0ms (0 queries, 0 cached) | GC: 0.2ms)


  [1m[36mCACHE ActiveRecord::SchemaMigration Load (0.2ms)[0m  [1m[34mSELECT "schema_migrations"."version" FROM "schema_migrations" ORDER BY "schema_migrations"."version" ASC[0m
  [1m[35m (0.3ms)[0m  [1m[34mSELECT pg_try_advisory_lock(8319889817245436955) /*application='RailsGuide'*/[0m
  [1m[36mActiveRecord::SchemaMigration Load (0.4ms)[0m  [1m[34mSELECT "schema_migrations"."version" FROM "schema_migrations" ORDER BY "schema_migrations"."version" ASC /*application='RailsGuide'*/[0m
  [1m[36mActiveRecord::InternalMetadata Load (2.5ms)[0m  [1m[34mSELECT * FROM "ar_internal_metadata" WHERE "ar_internal_metadata"."key" = 'environment' ORDER BY "ar_internal_metadata"."key" ASC LIMIT 1 /*application='RailsGuide'*/[0m
Migrating to CreateEntries (20260211112258)
  [1m[36mTRANSACTION (0.1ms)[0m  [1m[35mBEGIN /*application='RailsGuide'*/[0m
  [1m[35m (9.1ms)[0m  [1m[35mCREATE TABLE "entries" ("id" bigserial primary key, "name" character varying, "url" character varying, "username" character varying, "password" character varying, "user_id" bigint NOT NULL, "created_at" timestamp(6) NOT NULL, "updated_at" timestamp(6) NOT NULL, CONSTRAINT "fk_rails_99dc12d4fd"
FOREIGN KEY ("user_id")
  REFERENCES "users" ("id")
) /*application='RailsGuide'*/[0m
  [1m[35m (0.6ms)[0m  [1m[35mCREATE INDEX "index_entries_on_user_id" ON "entries" ("user_id") /*application='RailsGuide'*/[0m
  [1m[36mActiveRecord::SchemaMigration Create (0.5ms)[0m  [1m[32mINSERT INTO "schema_migrations" ("version") VALUES ('20260211112258') RETURNING "version" /*application='RailsGuide'*/[0m
  [1m[36mTRANSACTION (1.2ms)[0m  [1m[35mCOMMIT /*application='RailsGuide'*/[0m
  [1m[35m (0.3ms)[0m  [1m[34mSELECT pg_advisory_unlock(8319889817245436955) /*application='RailsGuide'*/[0m
  [1m[36mActiveRecord::SchemaMigration Load (0.3ms)[0m  [1m[34mSELECT "schema_migrations"."version" FROM "schema_migrations" ORDER BY "schema_migrations"."version" ASC /*application='RailsGuide'*/[0m
  [1m[35mSQL (0.1ms)[0m  [1m[35mSET search_path TO public /*application='RailsGuide'*/[0m
  [1m[35mSQL (0.2ms)[0m  [1m[35mSET search_path TO "$user", public /*application='RailsGuide'*/[0m
  [1m[35mSQL (0.3ms)[0m  [1m[35mSET search_path TO public /*application='RailsGuide'*/[0m
  [1m[35mSQL (0.2ms)[0m  [1m[35mSET search_path TO "$user", public /*application='RailsGuide'*/[0m
  [1m[36mUser Load (1.3ms)[0m  [1m[34mSELECT "users".* FROM "users" ORDER BY "users"."id" ASC LIMIT 1 /*application='RailsGuide'*/[0m
  [1m[36mTRANSACTION (0.3ms)[0m  [1m[35mBEGIN /*application='RailsGuide'*/[0m
  [1m[36mUser Load (0.7ms)[0m  [1m[34mSELECT "users".* FROM "users" WHERE "users"."id" = 1 LIMIT 1 /*application='RailsGuide'*/[0m
  [1m[36mEntry Create (1.4ms)[0m  [1m[32mINSERT INTO "entries" ("name", "url", "username", "password", "user_id", "created_at", "updated_at") VALUES ('Test', 'test.com', 'testuser', 'testpassword', 1, '2026-02-11 11:30:05.925320', '2026-02-11 11:30:05.925320') RETURNING "id" /*application='RailsGuide'*/[0m
  [1m[36mTRANSACTION (0.7ms)[0m  [1m[35mCOMMIT /*application='RailsGuide'*/[0m
  [1m[36mUser Load (0.7ms)[0m  [1m[34mSELECT "users".* FROM "users" ORDER BY "users"."id" ASC LIMIT 1 /*application='RailsGuide'*/[0m
  [1m[36mEntry Load (0.8ms)[0m  [1m[34mSELECT "entries".* FROM "entries" WHERE "entries"."user_id" = 1 /* loading for pp */ LIMIT 11 /*application='RailsGuide'*/[0m
  [1m[36mEntry Load (0.4ms)[0m  [1m[34mSELECT "entries".* FROM "entries" ORDER BY "entries"."id" ASC LIMIT 1 /*application='RailsGuide'*/[0m
  [1m[36mUser Load (0.5ms)[0m  [1m[34mSELECT "users".* FROM "users" WHERE "users"."id" = 1 LIMIT 1 /*application='RailsGuide'*/[0m
Started GET "/entries/new" for 127.0.0.1 at 2026-02-11 09:51:21 -0300
  [1m[36mActiveRecord::SchemaMigration Load (0.3ms)[0m  [1m[34mSELECT "schema_migrations"."version" FROM "schema_migrations" ORDER BY "schema_migrations"."version" ASC /*application='RailsGuide'*/[0m
Processing by EntriesController#new as HTML
  Rendering layout layouts/application.html.erb
  Rendering entries/new.html.erb within layouts/application
  Rendered entries/new.html.erb within layouts/application (Duration: 0.2ms | GC: 0.0ms)
  Rendered shared/_navbar.html.erb (Duration: 0.9ms | GC: 0.0ms)
  Rendered shared/_flash.html.erb (Duration: 0.2ms | GC: 0.0ms)
  Rendered layout layouts/application.html.erb (Duration: 26.6ms | GC: 7.3ms)
Completed 200 OK in 65ms (Views: 29.1ms | ActiveRecord: 4.3ms (0 queries, 0 cached) | GC: 7.3ms)


Started GET "/entries/new" for 127.0.0.1 at 2026-02-11 09:51:33 -0300
Processing by EntriesController#new as HTML
  Rendering layout layouts/application.html.erb
  Rendering entries/new.html.erb within layouts/application
  Rendered entries/new.html.erb within layouts/application (Duration: 0.2ms | GC: 0.0ms)
  Rendered shared/_navbar.html.erb (Duration: 0.4ms | GC: 0.0ms)
  Rendered shared/_flash.html.erb (Duration: 0.2ms | GC: 0.0ms)
  Rendered layout layouts/application.html.erb (Duration: 2.9ms | GC: 0.2ms)
Completed 200 OK in 9ms (Views: 4.2ms | ActiveRecord: 1.6ms (0 queries, 0 cached) | GC: 0.4ms)


Started GET "/entries/new" for 127.0.0.1 at 2026-02-11 09:52:53 -0300
Processing by EntriesController#new as HTML
  Rendering layout layouts/application.html.erb
  Rendering entries/new.html.erb within layouts/application
  Rendered entries/new.html.erb within layouts/application (Duration: 0.4ms | GC: 0.0ms)
  Rendered shared/_navbar.html.erb (Duration: 0.8ms | GC: 0.0ms)
  Rendered shared/_flash.html.erb (Duration: 0.3ms | GC: 0.0ms)
  Rendered layout layouts/application.html.erb (Duration: 4.1ms | GC: 0.0ms)
Completed 200 OK in 7ms (Views: 5.6ms | ActiveRecord: 0.0ms (0 queries, 0 cached) | GC: 0.0ms)


Started GET "/entries/new" for 127.0.0.1 at 2026-02-11 09:52:54 -0300
Processing by EntriesController#new as HTML
  Rendering layout layouts/application.html.erb
  Rendering entries/new.html.erb within layouts/application
  Rendered entries/new.html.erb within layouts/application (Duration: 0.1ms | GC: 0.0ms)
  Rendered shared/_navbar.html.erb (Duration: 0.4ms | GC: 0.0ms)
  Rendered shared/_flash.html.erb (Duration: 0.1ms | GC: 0.0ms)
  Rendered layout layouts/application.html.erb (Duration: 4.0ms | GC: 0.0ms)
Completed 200 OK in 6ms (Views: 4.5ms | ActiveRecord: 0.0ms (0 queries, 0 cached) | GC: 0.0ms)


Started GET "/" for 127.0.0.1 at 2026-02-11 09:57:06 -0300
Processing by PagesController#home as HTML
  Rendering layout layouts/application.html.erb
  Rendering pages/home.html.erb within layouts/application
  Rendered pages/home.html.erb within layouts/application (Duration: 0.1ms | GC: 0.0ms)
  Rendered shared/_navbar.html.erb (Duration: 1.1ms | GC: 0.0ms)
  Rendered shared/_flash.html.erb (Duration: 0.2ms | GC: 0.0ms)
  Rendered layout layouts/application.html.erb (Duration: 3.5ms | GC: 0.3ms)
Completed 200 OK in 6ms (Views: 4.3ms | ActiveRecord: 0.0ms (0 queries, 0 cached) | GC: 0.6ms)


Started GET "/entries/new" for 127.0.0.1 at 2026-02-11 09:57:07 -0300
Processing by EntriesController#new as HTML
  Rendering layout layouts/application.html.erb
  Rendering entries/new.html.erb within layouts/application
  Rendered entries/new.html.erb within layouts/application (Duration: 0.2ms | GC: 0.0ms)
  Rendered shared/_navbar.html.erb (Duration: 0.3ms | GC: 0.0ms)
  Rendered shared/_flash.html.erb (Duration: 0.0ms | GC: 0.0ms)
  Rendered layout layouts/application.html.erb (Duration: 1.4ms | GC: 0.0ms)
Completed 200 OK in 14ms (Views: 2.1ms | ActiveRecord: 3.4ms (0 queries, 0 cached) | GC: 0.4ms)


Started GET "/entries/new" for 127.0.0.1 at 2026-02-11 09:57:26 -0300
Processing by EntriesController#new as HTML
  Rendering layout layouts/application.html.erb
  Rendering entries/new.html.erb within layouts/application
  Rendered entries/new.html.erb within layouts/application (Duration: 0.2ms | GC: 0.0ms)
  Rendered shared/_navbar.html.erb (Duration: 0.7ms | GC: 0.0ms)
  Rendered shared/_flash.html.erb (Duration: 0.2ms | GC: 0.0ms)
  Rendered layout layouts/application.html.erb (Duration: 3.0ms | GC: 0.0ms)
Completed 200 OK in 11ms (Views: 4.3ms | ActiveRecord: 2.4ms (0 queries, 0 cached) | GC: 0.3ms)


Started GET "/entries/new" for 127.0.0.1 at 2026-02-11 10:00:46 -0300
Processing by EntriesController#new as HTML
  Rendering layout layouts/application.html.erb
  Rendering entries/new.html.erb within layouts/application
  Rendered entries/new.html.erb within layouts/application (Duration: 0.2ms | GC: 0.0ms)
  Rendered shared/_navbar.html.erb (Duration: 0.6ms | GC: 0.0ms)
  Rendered shared/_flash.html.erb (Duration: 0.2ms | GC: 0.0ms)
  Rendered layout layouts/application.html.erb (Duration: 2.1ms | GC: 0.0ms)
Completed 200 OK in 7ms (Views: 2.7ms | ActiveRecord: 1.4ms (0 queries, 0 cached) | GC: 0.0ms)


Started GET "/entries/new" for 127.0.0.1 at 2026-02-11 10:00:47 -0300
Processing by EntriesController#new as HTML
  Rendering layout layouts/application.html.erb
  Rendering entries/new.html.erb within layouts/application
  Rendered entries/new.html.erb within layouts/application (Duration: 0.1ms | GC: 0.0ms)
  Rendered shared/_navbar.html.erb (Duration: 0.2ms | GC: 0.0ms)
  Rendered shared/_flash.html.erb (Duration: 0.0ms | GC: 0.0ms)
  Rendered layout layouts/application.html.erb (Duration: 1.1ms | GC: 0.0ms)
Completed 200 OK in 2ms (Views: 1.3ms | ActiveRecord: 0.0ms (0 queries, 0 cached) | GC: 0.0ms)


Started GET "/entries/new" for 127.0.0.1 at 2026-02-11 10:00:56 -0300
Processing by EntriesController#new as HTML
  Rendering layout layouts/application.html.erb
  Rendering entries/new.html.erb within layouts/application
  Rendered entries/new.html.erb within layouts/application (Duration: 0.2ms | GC: 0.0ms)
  Rendered shared/_navbar.html.erb (Duration: 0.4ms | GC: 0.0ms)
  Rendered shared/_flash.html.erb (Duration: 0.2ms | GC: 0.0ms)
  Rendered layout layouts/application.html.erb (Duration: 1.9ms | GC: 0.0ms)
Completed 200 OK in 8ms (Views: 2.7ms | ActiveRecord: 1.8ms (0 queries, 0 cached) | GC: 0.2ms)


Started GET "/entries/new" for 127.0.0.1 at 2026-02-11 10:09:51 -0300
Processing by EntriesController#new as HTML
  Rendering layout layouts/application.html.erb
  Rendering entries/new.html.erb within layouts/application
  Rendered entries/new.html.erb within layouts/application (Duration: 2.3ms | GC: 0.0ms)
  Rendered layout layouts/application.html.erb (Duration: 2.5ms | GC: 0.0ms)
Completed 500 Internal Server Error in 6ms (ActiveRecord: 0.0ms (0 queries, 0 cached) | GC: 0.1ms)


  
ActionView::SyntaxErrorInTemplate (Encountered a syntax error while rendering template located at: app/views/entries/new.html.erb)
Caused by: ActiveSupport::SyntaxErrorProxy (/home/luan-alves/PersonalProject/RailsGuide/app/views/entries/new.html.erb:9: syntax error, unexpected `end'
...ze; @output_buffer.append=( end ); @output_buffer.safe_appen...
...                            ^~~
/home/luan-alves/PersonalProject/RailsGuide/app/views/entries/new.html.erb:16: syntax error, unexpected end-of-input
          end
             ^
)

Information for: ActionView::SyntaxErrorInTemplate (Encountered a syntax error while rendering template located at: app/views/entries/new.html.erb):
1:    <h1>New Entry<h1>
2:    <div class="row">
3:        <div class="col">
4:            <div class="card">
5:                <div class="card-body">
6:                    <%= form_with(model: @entry) do |form|%>
7:                    
8:                    <%= end %>
9:                </div>
10:            </div>
11:        </div>
12:    </div>
  
app/views/entries/new.html.erb:9: syntax error, unexpected `end'
app/views/entries/new.html.erb:16: syntax error, unexpected end-of-input

Information for cause: ActiveSupport::SyntaxErrorProxy (/home/luan-alves/PersonalProject/RailsGuide/app/views/entries/new.html.erb:9: syntax error, unexpected `end'
...ze; @output_buffer.append=( end ); @output_buffer.safe_appen...
...                            ^~~
/home/luan-alves/PersonalProject/RailsGuide/app/views/entries/new.html.erb:16: syntax error, unexpected end-of-input
          end
             ^
):
  
app/views/entries/new.html.erb:9: syntax error, unexpected `end'
app/views/entries/new.html.erb:16: syntax error, unexpected end-of-input
Started GET "/favicon.ico" for 127.0.0.1 at 2026-02-11 10:09:51 -0300
  
ActionController::RoutingError (No route matches [GET] "/favicon.ico"):
  
Started GET "/entries/new" for 127.0.0.1 at 2026-02-11 10:10:36 -0300
Processing by EntriesController#new as HTML
  Rendering layout layouts/application.html.erb
  Rendering entries/new.html.erb within layouts/application
  Rendered entries/new.html.erb within layouts/application (Duration: 0.7ms | GC: 0.2ms)
  Rendered layout layouts/application.html.erb (Duration: 0.8ms | GC: 0.2ms)
Completed 500 Internal Server Error in 4ms (ActiveRecord: 0.0ms (0 queries, 0 cached) | GC: 0.3ms)


  
ActionView::SyntaxErrorInTemplate (Encountered a syntax error while rendering template located at: app/views/entries/new.html.erb)
Caused by: ActiveSupport::SyntaxErrorProxy (/home/luan-alves/PersonalProject/RailsGuide/app/views/entries/new.html.erb:9: syntax error, unexpected `end'
...ze; @output_buffer.append=( end ); @output_buffer.safe_appen...
...                            ^~~
/home/luan-alves/PersonalProject/RailsGuide/app/views/entries/new.html.erb:16: syntax error, unexpected end-of-input
          end
             ^
)

Information for: ActionView::SyntaxErrorInTemplate (Encountered a syntax error while rendering template located at: app/views/entries/new.html.erb):
1:    <h1>New Entry<h1>
2:    <div class="row">
3:        <div class="col">
4:            <div class="card">
5:                <div class="card-body">
6:                    <%= form_with(model: @entry) do |form|%>
7:    
8:                    <%= end %>
9:                
10:            </div>
11:        </div>
12:    </div>
  
app/views/entries/new.html.erb:9: syntax error, unexpected `end'
app/views/entries/new.html.erb:16: syntax error, unexpected end-of-input

Information for cause: ActiveSupport::SyntaxErrorProxy (/home/luan-alves/PersonalProject/RailsGuide/app/views/entries/new.html.erb:9: syntax error, unexpected `end'
...ze; @output_buffer.append=( end ); @output_buffer.safe_appen...
...                            ^~~
/home/luan-alves/PersonalProject/RailsGuide/app/views/entries/new.html.erb:16: syntax error, unexpected end-of-input
          end
             ^
):
  
app/views/entries/new.html.erb:9: syntax error, unexpected `end'
app/views/entries/new.html.erb:16: syntax error, unexpected end-of-input
Started GET "/entries/new" for 127.0.0.1 at 2026-02-11 10:11:05 -0300
Processing by EntriesController#new as HTML
  Rendering layout layouts/application.html.erb
  Rendering entries/new.html.erb within layouts/application
  Rendered entries/new.html.erb within layouts/application (Duration: 0.3ms | GC: 0.0ms)
  Rendered layout layouts/application.html.erb (Duration: 0.4ms | GC: 0.0ms)
Completed 500 Internal Server Error in 4ms (ActiveRecord: 0.0ms (0 queries, 0 cached) | GC: 0.0ms)


  
ActionView::SyntaxErrorInTemplate (Encountered a syntax error while rendering template located at: app/views/entries/new.html.erb)
Caused by: ActiveSupport::SyntaxErrorProxy (/home/luan-alves/PersonalProject/RailsGuide/app/views/entries/new.html.erb:9: syntax error, unexpected `end'
...ze; @output_buffer.append=( end ); @output_buffer.safe_appen...
...                            ^~~
/home/luan-alves/PersonalProject/RailsGuide/app/views/entries/new.html.erb:16: syntax error, unexpected end-of-input
          end
             ^
)

Information for: ActionView::SyntaxErrorInTemplate (Encountered a syntax error while rendering template located at: app/views/entries/new.html.erb):
1:    <h1>New Entry<h1>
2:    <div class="row">
3:        <div class="col">
4:            <div class="card">
5:                <div class="card-body">
6:                    <%= form_with(model: @entry) do |form| %>
7:                    
8:                    <%= end %>
9:                </div>
10:            </div>
11:        </div>
12:    </div>
  
app/views/entries/new.html.erb:9: syntax error, unexpected `end'
app/views/entries/new.html.erb:16: syntax error, unexpected end-of-input

Information for cause: ActiveSupport::SyntaxErrorProxy (/home/luan-alves/PersonalProject/RailsGuide/app/views/entries/new.html.erb:9: syntax error, unexpected `end'
...ze; @output_buffer.append=( end ); @output_buffer.safe_appen...
...                            ^~~
/home/luan-alves/PersonalProject/RailsGuide/app/views/entries/new.html.erb:16: syntax error, unexpected end-of-input
          end
             ^
):
  
app/views/entries/new.html.erb:9: syntax error, unexpected `end'
app/views/entries/new.html.erb:16: syntax error, unexpected end-of-input
Started GET "/entries/new" for 127.0.0.1 at 2026-02-11 10:11:34 -0300
Processing by EntriesController#new as HTML
  Rendering layout layouts/application.html.erb
  Rendering entries/new.html.erb within layouts/application
  Rendered entries/new.html.erb within layouts/application (Duration: 1.5ms | GC: 0.0ms)
  Rendered shared/_navbar.html.erb (Duration: 1.0ms | GC: 0.0ms)
  Rendered shared/_flash.html.erb (Duration: 0.5ms | GC: 0.2ms)
  Rendered layout layouts/application.html.erb (Duration: 5.1ms | GC: 0.2ms)
Completed 200 OK in 9ms (Views: 6.4ms | ActiveRecord: 0.0ms (0 queries, 0 cached) | GC: 0.5ms)


Started GET "/entries/new" for 127.0.0.1 at 2026-02-11 10:15:24 -0300
Processing by EntriesController#new as HTML
  Rendering layout layouts/application.html.erb
  Rendering entries/new.html.erb within layouts/application
  Rendered entries/new.html.erb within layouts/application (Duration: 2.0ms | GC: 0.0ms)
  Rendered shared/_navbar.html.erb (Duration: 0.4ms | GC: 0.0ms)
  Rendered shared/_flash.html.erb (Duration: 0.1ms | GC: 0.0ms)
  Rendered layout layouts/application.html.erb (Duration: 3.6ms | GC: 0.2ms)
Completed 200 OK in 11ms (Views: 4.3ms | ActiveRecord: 0.0ms (0 queries, 0 cached) | GC: 2.9ms)


Started GET "/entries/new" for 127.0.0.1 at 2026-02-11 10:17:10 -0300
Processing by EntriesController#new as HTML
  Rendering layout layouts/application.html.erb
  Rendering entries/new.html.erb within layouts/application
  Rendered entries/new.html.erb within layouts/application (Duration: 1.6ms | GC: 0.0ms)
  Rendered shared/_navbar.html.erb (Duration: 0.6ms | GC: 0.1ms)
  Rendered shared/_flash.html.erb (Duration: 0.1ms | GC: 0.0ms)
  Rendered layout layouts/application.html.erb (Duration: 3.3ms | GC: 0.1ms)
Completed 200 OK in 8ms (Views: 4.2ms | ActiveRecord: 0.0ms (0 queries, 0 cached) | GC: 0.3ms)


Started GET "/entries/new" for 127.0.0.1 at 2026-02-11 10:18:00 -0300
Processing by EntriesController#new as HTML
  Rendering layout layouts/application.html.erb
  Rendering entries/new.html.erb within layouts/application
  Rendered entries/new.html.erb within layouts/application (Duration: 3.1ms | GC: 0.5ms)
  Rendered shared/_navbar.html.erb (Duration: 0.5ms | GC: 0.0ms)
  Rendered shared/_flash.html.erb (Duration: 0.1ms | GC: 0.0ms)
  Rendered layout layouts/application.html.erb (Duration: 4.8ms | GC: 0.5ms)
Completed 200 OK in 11ms (Views: 5.6ms | ActiveRecord: 0.0ms (0 queries, 0 cached) | GC: 1.0ms)


Started GET "/entries/new" for 127.0.0.1 at 2026-02-11 10:18:26 -0300
Processing by EntriesController#new as HTML
  Rendering layout layouts/application.html.erb
  Rendering entries/new.html.erb within layouts/application
  Rendered entries/new.html.erb within layouts/application (Duration: 1.2ms | GC: 0.0ms)
  Rendered shared/_navbar.html.erb (Duration: 0.6ms | GC: 0.1ms)
  Rendered shared/_flash.html.erb (Duration: 0.2ms | GC: 0.0ms)
  Rendered layout layouts/application.html.erb (Duration: 3.0ms | GC: 0.1ms)
Completed 200 OK in 7ms (Views: 3.6ms | ActiveRecord: 0.0ms (0 queries, 0 cached) | GC: 0.3ms)


Started GET "/secure/sign_in" for 127.0.0.1 at 2026-02-11 10:21:50 -0300
Processing by Devise::SessionsController#new as HTML
  Rendering layout layouts/devise.html.erb
  Rendering devise/sessions/new.html.erb within layouts/devise
  Rendered devise/shared/_links.html.erb (Duration: 0.6ms | GC: 0.0ms)
  Rendered devise/sessions/new.html.erb within layouts/devise (Duration: 5.7ms | GC: 0.0ms)
  Rendered shared/_flash.html.erb (Duration: 0.1ms | GC: 0.0ms)
  Rendered layout layouts/devise.html.erb (Duration: 7.1ms | GC: 0.0ms)
Completed 200 OK in 68ms (Views: 8.5ms | ActiveRecord: 7.1ms (0 queries, 0 cached) | GC: 0.9ms)


Started GET "/secure/sign_up" for 127.0.0.1 at 2026-02-11 10:21:51 -0300
Processing by Devise::RegistrationsController#new as HTML
  Rendering layout layouts/devise.html.erb
  Rendering devise/registrations/new.html.erb within layouts/devise
  Rendered devise/shared/_error_messages.html.erb (Duration: 0.8ms | GC: 0.0ms)
  Rendered devise/shared/_links.html.erb (Duration: 0.6ms | GC: 0.0ms)
  Rendered devise/registrations/new.html.erb within layouts/devise (Duration: 6.8ms | GC: 0.0ms)
  Rendered shared/_flash.html.erb (Duration: 0.1ms | GC: 0.0ms)
  Rendered layout layouts/devise.html.erb (Duration: 8.9ms | GC: 0.0ms)
Completed 200 OK in 13ms (Views: 10.2ms | ActiveRecord: 0.0ms (0 queries, 0 cached) | GC: 0.0ms)


Started GET "/" for 127.0.0.1 at 2026-02-11 10:21:51 -0300
Processing by PagesController#home as HTML
  Rendering layout layouts/application.html.erb
  Rendering pages/home.html.erb within layouts/application
  Rendered pages/home.html.erb within layouts/application (Duration: 0.3ms | GC: 0.0ms)
  Rendered shared/_navbar.html.erb (Duration: 0.7ms | GC: 0.0ms)
  Rendered shared/_flash.html.erb (Duration: 0.0ms | GC: 0.0ms)
  Rendered layout layouts/application.html.erb (Duration: 3.1ms | GC: 0.0ms)
Completed 200 OK in 5ms (Views: 3.6ms | ActiveRecord: 0.0ms (0 queries, 0 cached) | GC: 0.0ms)


Started GET "/entries/new" for 127.0.0.1 at 2026-02-11 10:22:36 -0300
Processing by EntriesController#new as HTML
Completed 401 Unauthorized in 1ms (ActiveRecord: 0.0ms (0 queries, 0 cached) | GC: 0.0ms)


Started GET "/secure/sign_in" for 127.0.0.1 at 2026-02-11 10:22:36 -0300
Processing by Devise::SessionsController#new as HTML
  Rendering layout layouts/devise.html.erb
  Rendering devise/sessions/new.html.erb within layouts/devise
  Rendered devise/shared/_links.html.erb (Duration: 0.6ms | GC: 0.2ms)
  Rendered devise/sessions/new.html.erb within layouts/devise (Duration: 1.9ms | GC: 0.2ms)
  Rendered shared/_flash.html.erb (Duration: 0.2ms | GC: 0.0ms)
  Rendered layout layouts/devise.html.erb (Duration: 2.9ms | GC: 0.2ms)
Completed 200 OK in 13ms (Views: 4.4ms | ActiveRecord: 2.3ms (0 queries, 0 cached) | GC: 0.6ms)


Started GET "/" for 127.0.0.1 at 2026-02-11 10:22:47 -0300
Processing by PagesController#home as HTML
  Rendering layout layouts/application.html.erb
  Rendering pages/home.html.erb within layouts/application
  Rendered pages/home.html.erb within layouts/application (Duration: 0.2ms | GC: 0.0ms)
  Rendered shared/_navbar.html.erb (Duration: 0.7ms | GC: 0.0ms)
  Rendered shared/_flash.html.erb (Duration: 0.0ms | GC: 0.0ms)
  Rendered layout layouts/application.html.erb (Duration: 3.0ms | GC: 0.1ms)
Completed 200 OK in 4ms (Views: 3.7ms | ActiveRecord: 0.0ms (0 queries, 0 cached) | GC: 0.1ms)


Started GET "/entries/new" for 127.0.0.1 at 2026-02-11 10:22:49 -0300
Processing by EntriesController#new as HTML
Completed 401 Unauthorized in 3ms (ActiveRecord: 0.0ms (0 queries, 0 cached) | GC: 0.0ms)


Started GET "/secure/sign_in" for 127.0.0.1 at 2026-02-11 10:22:49 -0300
Processing by Devise::SessionsController#new as HTML
  Rendering layout layouts/devise.html.erb
  Rendering devise/sessions/new.html.erb within layouts/devise
  Rendered devise/shared/_links.html.erb (Duration: 0.1ms | GC: 0.0ms)
  Rendered devise/sessions/new.html.erb within layouts/devise (Duration: 1.1ms | GC: 0.0ms)
  Rendered shared/_flash.html.erb (Duration: 0.0ms | GC: 0.0ms)
  Rendered layout layouts/devise.html.erb (Duration: 1.7ms | GC: 0.0ms)
Completed 200 OK in 4ms (Views: 2.1ms | ActiveRecord: 0.0ms (0 queries, 0 cached) | GC: 0.0ms)


Started POST "/secure/sign_in" for 127.0.0.1 at 2026-02-11 10:23:02 -0300
Processing by Devise::SessionsController#create as TURBO_STREAM
  Parameters: {"authenticity_token"=>"[FILTERED]", "user"=>{"email"=>"[FILTERED]", "password"=>"[FILTERED]", "remember_me"=>"0"}, "commit"=>"Sign in"}
  [1m[36mUser Load (1.4ms)[0m  [1m[34mSELECT "users".* FROM "users" WHERE "users"."email" = 'luanmagnosa@gmail.com' ORDER BY "users"."id" ASC LIMIT 1 /*action='create',application='RailsGuide',controller='sessions'*/[0m
Redirected to http://localhost:3000/entries/new
Completed 303 See Other in 260ms (ActiveRecord: 1.4ms (1 query, 0 cached) | GC: 0.0ms)


Started GET "/entries/new" for 127.0.0.1 at 2026-02-11 10:23:02 -0300
Processing by EntriesController#new as TURBO_STREAM
  [1m[36mUser Load (0.7ms)[0m  [1m[34mSELECT "users".* FROM "users" WHERE "users"."id" = 1 ORDER BY "users"."id" ASC LIMIT 1 /*action='new',application='RailsGuide',controller='entries'*/[0m
  Rendering layout layouts/application.html.erb
  Rendering entries/new.html.erb within layouts/application
  Rendered entries/new.html.erb within layouts/application (Duration: 1.8ms | GC: 0.0ms)
  Rendered shared/_navbar.html.erb (Duration: 0.1ms | GC: 0.0ms)
  Rendered shared/_flash.html.erb (Duration: 0.0ms | GC: 0.0ms)
  Rendered layout layouts/application.html.erb (Duration: 2.7ms | GC: 0.0ms)
Completed 200 OK in 13ms (Views: 3.3ms | ActiveRecord: 2.0ms (1 query, 0 cached) | GC: 0.0ms)


Started GET "/entries/new" for 127.0.0.1 at 2026-02-11 10:36:03 -0300
Processing by EntriesController#new as HTML
  [1m[36mUser Load (23.1ms)[0m  [1m[34mSELECT "users".* FROM "users" WHERE "users"."id" = 1 ORDER BY "users"."id" ASC LIMIT 1 /*action='new',application='RailsGuide',controller='entries'*/[0m
  Rendering layout layouts/application.html.erb
  Rendering entries/new.html.erb within layouts/application
  Rendered entries/new.html.erb within layouts/application (Duration: 2.5ms | GC: 0.0ms)
  Rendered shared/_navbar.html.erb (Duration: 0.5ms | GC: 0.0ms)
  Rendered shared/_flash.html.erb (Duration: 0.2ms | GC: 0.0ms)
  Rendered layout layouts/application.html.erb (Duration: 4.4ms | GC: 0.0ms)
Completed 200 OK in 46ms (Views: 5.7ms | ActiveRecord: 28.2ms (1 query, 0 cached) | GC: 0.0ms)


Started GET "/entries/new" for 127.0.0.1 at 2026-02-11 10:36:16 -0300
Processing by EntriesController#new as HTML
  [1m[36mUser Load (0.8ms)[0m  [1m[34mSELECT "users".* FROM "users" WHERE "users"."id" = 1 ORDER BY "users"."id" ASC LIMIT 1 /*action='new',application='RailsGuide',controller='entries'*/[0m
  Rendering layout layouts/application.html.erb
  Rendering entries/new.html.erb within layouts/application
  Rendered entries/new.html.erb within layouts/application (Duration: 1.0ms | GC: 0.0ms)
  Rendered shared/_navbar.html.erb (Duration: 0.2ms | GC: 0.0ms)
  Rendered shared/_flash.html.erb (Duration: 0.0ms | GC: 0.0ms)
  Rendered layout layouts/application.html.erb (Duration: 2.1ms | GC: 0.0ms)
Completed 200 OK in 7ms (Views: 2.5ms | ActiveRecord: 0.8ms (1 query, 0 cached) | GC: 0.0ms)


Started GET "/entries/new" for 127.0.0.1 at 2026-02-11 10:37:52 -0300
Processing by EntriesController#new as HTML
  [1m[36mUser Load (0.2ms)[0m  [1m[34mSELECT "users".* FROM "users" WHERE "users"."id" = 1 ORDER BY "users"."id" ASC LIMIT 1 /*action='new',application='RailsGuide',controller='entries'*/[0m
  Rendering layout layouts/application.html.erb
  Rendering entries/new.html.erb within layouts/application
  Rendered entries/new.html.erb within layouts/application (Duration: 1.1ms | GC: 0.0ms)
  Rendered shared/_navbar.html.erb (Duration: 1.0ms | GC: 0.2ms)
  Rendered shared/_flash.html.erb (Duration: 0.2ms | GC: 0.0ms)
  Rendered layout layouts/application.html.erb (Duration: 3.6ms | GC: 0.2ms)
Completed 200 OK in 34ms (Views: 5.1ms | ActiveRecord: 7.9ms (1 query, 0 cached) | GC: 1.7ms)


Started POST "/entries" for 127.0.0.1 at 2026-02-11 10:39:07 -0300
Processing by EntriesController#create as TURBO_STREAM
  Parameters: {"authenticity_token"=>"[FILTERED]", "entry"=>{"name"=>"Form test ", "url"=>"https://testfromform.com", "username"=>"formTestUsername", "password"=>"[FILTERED]"}, "commit"=>"Create new entry"}
  [1m[36mUser Load (0.5ms)[0m  [1m[34mSELECT "users".* FROM "users" WHERE "users"."id" = 1 ORDER BY "users"."id" ASC LIMIT 1 /*action='create',application='RailsGuide',controller='entries'*/[0m
  [1m[36mTRANSACTION (0.2ms)[0m  [1m[35mBEGIN /*action='create',application='RailsGuide',controller='entries'*/[0m
  ↳ app/controllers/entries_controller.rb:10:in `create'
  [1m[36mEntry Create (4.3ms)[0m  [1m[32mINSERT INTO "entries" ("name", "url", "username", "password", "user_id", "created_at", "updated_at") VALUES ('Form test ', 'https://testfromform.com', 'formTestUsername', 'formtestPassword', 1, '2026-02-11 13:39:07.284827', '2026-02-11 13:39:07.284827') RETURNING "id" /*action='create',application='RailsGuide',controller='entries'*/[0m
  ↳ app/controllers/entries_controller.rb:10:in `create'
  [1m[36mTRANSACTION (1.4ms)[0m  [1m[35mCOMMIT /*action='create',application='RailsGuide',controller='entries'*/[0m
  ↳ app/controllers/entries_controller.rb:10:in `create'
Redirected to http://localhost:3000/
↳ app/controllers/entries_controller.rb:12:in `create'
Completed 302 Found in 33ms (ActiveRecord: 6.3ms (2 queries, 0 cached) | GC: 0.5ms)


Started GET "/" for 127.0.0.1 at 2026-02-11 10:39:07 -0300
Processing by PagesController#home as TURBO_STREAM
  Rendering layout layouts/application.html.erb
  Rendering pages/home.html.erb within layouts/application
  Rendered pages/home.html.erb within layouts/application (Duration: 0.1ms | GC: 0.0ms)
  [1m[36mUser Load (0.5ms)[0m  [1m[34mSELECT "users".* FROM "users" WHERE "users"."id" = 1 ORDER BY "users"."id" ASC LIMIT 1 /*action='home',application='RailsGuide',controller='pages'*/[0m
  ↳ app/views/shared/_navbar.html.erb:19
  Rendered shared/_navbar.html.erb (Duration: 2.3ms | GC: 0.2ms)
  Rendered shared/_flash.html.erb (Duration: 0.1ms | GC: 0.0ms)
  Rendered layout layouts/application.html.erb (Duration: 3.4ms | GC: 0.2ms)
Completed 200 OK in 5ms (Views: 3.4ms | ActiveRecord: 0.5ms (1 query, 0 cached) | GC: 0.2ms)


  [1m[36mEntry Load (0.4ms)[0m  [1m[34mSELECT "entries".* FROM "entries" ORDER BY "entries"."id" DESC LIMIT 1 /*application='RailsGuide'*/[0m
Started GET "/" for 127.0.0.1 at 2026-02-11 10:45:32 -0300
Processing by PagesController#home as HTML
  Rendering layout layouts/application.html.erb
  Rendering pages/home.html.erb within layouts/application
  Rendered pages/home.html.erb within layouts/application (Duration: 0.6ms | GC: 0.0ms)
  [1m[36mUser Load (63.6ms)[0m  [1m[34mSELECT "users".* FROM "users" WHERE "users"."id" = 1 ORDER BY "users"."id" ASC LIMIT 1 /*action='home',application='RailsGuide',controller='pages'*/[0m
  ↳ app/views/shared/_navbar.html.erb:19
  Rendered shared/_navbar.html.erb (Duration: 81.0ms | GC: 0.6ms)
  Rendered shared/_flash.html.erb (Duration: 0.1ms | GC: 0.0ms)
  Rendered layout layouts/application.html.erb (Duration: 88.5ms | GC: 0.6ms)
Completed 200 OK in 97ms (Views: 16.6ms | ActiveRecord: 74.2ms (1 query, 0 cached) | GC: 0.6ms)


Started GET "/" for 127.0.0.1 at 2026-02-11 10:47:03 -0300
Processing by PagesController#home as HTML
  Rendering layout layouts/application.html.erb
  Rendering pages/home.html.erb within layouts/application
  Rendered pages/home.html.erb within layouts/application (Duration: 0.2ms | GC: 0.0ms)
  [1m[36mUser Load (10.2ms)[0m  [1m[34mSELECT "users".* FROM "users" WHERE "users"."id" = 1 ORDER BY "users"."id" ASC LIMIT 1 /*action='home',application='RailsGuide',controller='pages'*/[0m
  ↳ app/views/shared/_navbar.html.erb:19
  Rendered shared/_navbar.html.erb (Duration: 13.6ms | GC: 0.0ms)
  Rendered shared/_flash.html.erb (Duration: 0.1ms | GC: 0.0ms)
  Rendered layout layouts/application.html.erb (Duration: 18.1ms | GC: 0.0ms)
Completed 200 OK in 20ms (Views: 8.7ms | ActiveRecord: 10.1ms (1 query, 0 cached) | GC: 0.0ms)


Started GET "/entries/new" for 127.0.0.1 at 2026-02-11 10:47:06 -0300
Processing by EntriesController#new as HTML
  [1m[36mUser Load (0.8ms)[0m  [1m[34mSELECT "users".* FROM "users" WHERE "users"."id" = 1 ORDER BY "users"."id" ASC LIMIT 1 /*action='new',application='RailsGuide',controller='entries'*/[0m
  Rendering layout layouts/application.html.erb
  Rendering entries/new.html.erb within layouts/application
  Rendered entries/new.html.erb within layouts/application (Duration: 37.0ms | GC: 1.1ms)
  Rendered shared/_navbar.html.erb (Duration: 0.8ms | GC: 0.0ms)
  Rendered shared/_flash.html.erb (Duration: 0.2ms | GC: 0.0ms)
  Rendered layout layouts/application.html.erb (Duration: 42.9ms | GC: 1.1ms)
Completed 200 OK in 67ms (Views: 46.0ms | ActiveRecord: 0.8ms (1 query, 0 cached) | GC: 1.1ms)


Started POST "/entries" for 127.0.0.1 at 2026-02-11 11:18:57 -0300
Processing by EntriesController#create as TURBO_STREAM
  Parameters: {"authenticity_token"=>"[FILTERED]", "entry"=>{"name"=>"", "url"=>"", "username"=>"", "password"=>"[FILTERED]"}, "commit"=>"Create new entry"}
  [1m[36mUser Load (156.0ms)[0m  [1m[34mSELECT "users".* FROM "users" WHERE "users"."id" = 1 ORDER BY "users"."id" ASC LIMIT 1 /*action='create',application='RailsGuide',controller='entries'*/[0m
  [1m[36mTRANSACTION (0.5ms)[0m  [1m[35mBEGIN /*action='create',application='RailsGuide',controller='entries'*/[0m
  ↳ app/controllers/entries_controller.rb:10:in `create'
  [1m[36mEntry Create (13.8ms)[0m  [1m[32mINSERT INTO "entries" ("name", "url", "username", "password", "user_id", "created_at", "updated_at") VALUES ('', '', '', '', 1, '2026-02-11 14:18:57.586309', '2026-02-11 14:18:57.586309') RETURNING "id" /*action='create',application='RailsGuide',controller='entries'*/[0m
  ↳ app/controllers/entries_controller.rb:10:in `create'
  [1m[36mTRANSACTION (1.6ms)[0m  [1m[35mCOMMIT /*action='create',application='RailsGuide',controller='entries'*/[0m
  ↳ app/controllers/entries_controller.rb:10:in `create'
Redirected to http://localhost:3000/
↳ app/controllers/entries_controller.rb:12:in `create'
Completed 302 Found in 429ms (ActiveRecord: 202.5ms (2 queries, 0 cached) | GC: 0.6ms)


Started GET "/" for 127.0.0.1 at 2026-02-11 11:18:57 -0300
Processing by PagesController#home as TURBO_STREAM
  Rendering layout layouts/application.html.erb
  Rendering pages/home.html.erb within layouts/application
  Rendered pages/home.html.erb within layouts/application (Duration: 1.5ms | GC: 0.0ms)
  [1m[36mUser Load (0.8ms)[0m  [1m[34mSELECT "users".* FROM "users" WHERE "users"."id" = 1 ORDER BY "users"."id" ASC LIMIT 1 /*action='home',application='RailsGuide',controller='pages'*/[0m
  ↳ app/views/shared/_navbar.html.erb:19
  Rendered shared/_navbar.html.erb (Duration: 20.5ms | GC: 0.0ms)
  Rendered shared/_flash.html.erb (Duration: 1.5ms | GC: 0.0ms)
  Rendered layout layouts/application.html.erb (Duration: 49.7ms | GC: 0.0ms)
Completed 200 OK in 70ms (Views: 62.1ms | ActiveRecord: 0.8ms (1 query, 0 cached) | GC: 0.0ms)


  [1m[36mEntry Load (36.3ms)[0m  [1m[34mSELECT "entries".* FROM "entries" ORDER BY "entries"."id" DESC LIMIT 1 /*application='RailsGuide'*/[0m
Started GET "/" for 127.0.0.1 at 2026-02-11 11:24:36 -0300
Processing by PagesController#home as HTML
  Rendering layout layouts/application.html.erb
  Rendering pages/home.html.erb within layouts/application
  Rendered pages/home.html.erb within layouts/application (Duration: 2.3ms | GC: 0.0ms)
  [1m[36mUser Load (19.1ms)[0m  [1m[34mSELECT "users".* FROM "users" WHERE "users"."id" = 1 ORDER BY "users"."id" ASC LIMIT 1 /*action='home',application='RailsGuide',controller='pages'*/[0m
  ↳ app/views/shared/_navbar.html.erb:19
  Rendered shared/_navbar.html.erb (Duration: 138.7ms | GC: 20.2ms)
  Rendered shared/_flash.html.erb (Duration: 0.4ms | GC: 0.0ms)
  Rendered layout layouts/application.html.erb (Duration: 147.0ms | GC: 20.2ms)
Completed 200 OK in 156ms (Views: 130.0ms | ActiveRecord: 21.6ms (1 query, 0 cached) | GC: 20.2ms)


Started GET "/entries/new" for 127.0.0.1 at 2026-02-11 11:24:37 -0300
Processing by EntriesController#new as HTML
  [1m[36mUser Load (0.6ms)[0m  [1m[34mSELECT "users".* FROM "users" WHERE "users"."id" = 1 ORDER BY "users"."id" ASC LIMIT 1 /*action='new',application='RailsGuide',controller='entries'*/[0m
  Rendering layout layouts/application.html.erb
  Rendering entries/new.html.erb within layouts/application
  Rendered entries/new.html.erb within layouts/application (Duration: 9.4ms | GC: 0.0ms)
  Rendered shared/_navbar.html.erb (Duration: 0.6ms | GC: 0.0ms)
  Rendered shared/_flash.html.erb (Duration: 0.1ms | GC: 0.0ms)
  Rendered layout layouts/application.html.erb (Duration: 12.1ms | GC: 0.0ms)
Completed 200 OK in 38ms (Views: 17.1ms | ActiveRecord: 0.6ms (1 query, 0 cached) | GC: 2.4ms)


Started POST "/entries" for 127.0.0.1 at 2026-02-11 11:24:41 -0300
Processing by EntriesController#create as TURBO_STREAM
  Parameters: {"authenticity_token"=>"[FILTERED]", "entry"=>{"name"=>"", "url"=>"", "username"=>"", "password"=>"[FILTERED]"}, "commit"=>"Create new entry"}
  [1m[36mUser Load (0.5ms)[0m  [1m[34mSELECT "users".* FROM "users" WHERE "users"."id" = 1 ORDER BY "users"."id" ASC LIMIT 1 /*action='create',application='RailsGuide',controller='entries'*/[0m
  Rendering layout layouts/application.html.erb
  Rendering entries/new.html.erb within layouts/application
  Rendered entries/new.html.erb within layouts/application (Duration: 7.4ms | GC: 0.5ms)
  Rendered shared/_navbar.html.erb (Duration: 0.3ms | GC: 0.0ms)
  Rendered shared/_flash.html.erb (Duration: 0.0ms | GC: 0.0ms)
  Rendered layout layouts/application.html.erb (Duration: 9.3ms | GC: 0.5ms)
Completed 422 Unprocessable Content in 25ms (Views: 11.0ms | ActiveRecord: 0.8ms (1 query, 0 cached) | GC: 1.0ms)


Started POST "/entries" for 127.0.0.1 at 2026-02-11 11:27:00 -0300
Processing by EntriesController#create as TURBO_STREAM
  Parameters: {"authenticity_token"=>"[FILTERED]", "entry"=>{"name"=>"", "url"=>"", "username"=>"", "password"=>"[FILTERED]"}, "commit"=>"Create new entry"}
  [1m[36mUser Load (0.2ms)[0m  [1m[34mSELECT "users".* FROM "users" WHERE "users"."id" = 1 ORDER BY "users"."id" ASC LIMIT 1 /*action='create',application='RailsGuide',controller='entries'*/[0m
  Rendering layout layouts/application.html.erb
  Rendering entries/new.html.erb within layouts/application
  Rendered entries/new.html.erb within layouts/application (Duration: 3.2ms | GC: 0.2ms)
  Rendered shared/_navbar.html.erb (Duration: 0.4ms | GC: 0.0ms)
  Rendered shared/_flash.html.erb (Duration: 0.2ms | GC: 0.0ms)
  Rendered layout layouts/application.html.erb (Duration: 4.7ms | GC: 0.2ms)
Completed 422 Unprocessable Content in 31ms (Views: 5.7ms | ActiveRecord: 9.2ms (1 query, 0 cached) | GC: 1.0ms)


Started POST "/entries" for 127.0.0.1 at 2026-02-11 11:27:07 -0300
Processing by EntriesController#create as TURBO_STREAM
  Parameters: {"authenticity_token"=>"[FILTERED]", "entry"=>{"name"=>"DASDas", "url"=>"dasdasd", "username"=>"DASD", "password"=>"[FILTERED]"}, "commit"=>"Create new entry"}
  [1m[36mUser Load (0.6ms)[0m  [1m[34mSELECT "users".* FROM "users" WHERE "users"."id" = 1 ORDER BY "users"."id" ASC LIMIT 1 /*action='create',application='RailsGuide',controller='entries'*/[0m
  Rendering layout layouts/application.html.erb
  Rendering entries/new.html.erb within layouts/application
  Rendered entries/new.html.erb within layouts/application (Duration: 1.0ms | GC: 0.0ms)
  Rendered shared/_navbar.html.erb (Duration: 0.1ms | GC: 0.0ms)
  Rendered shared/_flash.html.erb (Duration: 0.0ms | GC: 0.0ms)
  Rendered layout layouts/application.html.erb (Duration: 1.7ms | GC: 0.0ms)
Completed 422 Unprocessable Content in 9ms (Views: 2.1ms | ActiveRecord: 0.6ms (1 query, 0 cached) | GC: 0.3ms)


Started GET "/entries/new" for 127.0.0.1 at 2026-02-11 11:27:20 -0300
Processing by EntriesController#new as HTML
  [1m[36mUser Load (0.4ms)[0m  [1m[34mSELECT "users".* FROM "users" WHERE "users"."id" = 1 ORDER BY "users"."id" ASC LIMIT 1 /*action='new',application='RailsGuide',controller='entries'*/[0m
  Rendering layout layouts/application.html.erb
  Rendering entries/new.html.erb within layouts/application
  Rendered entries/new.html.erb within layouts/application (Duration: 2.6ms | GC: 0.0ms)
  Rendered shared/_navbar.html.erb (Duration: 0.4ms | GC: 0.0ms)
  Rendered shared/_flash.html.erb (Duration: 0.3ms | GC: 0.0ms)
  Rendered layout layouts/application.html.erb (Duration: 4.2ms | GC: 0.0ms)
Completed 200 OK in 27ms (Views: 5.3ms | ActiveRecord: 3.9ms (1 query, 0 cached) | GC: 0.0ms)


Started POST "/entries" for 127.0.0.1 at 2026-02-11 11:27:26 -0300
Processing by EntriesController#create as TURBO_STREAM
  Parameters: {"authenticity_token"=>"[FILTERED]", "entry"=>{"name"=>"DSDA", "url"=>"DASDAS", "username"=>"DASda", "password"=>"[FILTERED]"}, "commit"=>"Create new entry"}
  [1m[36mUser Load (0.6ms)[0m  [1m[34mSELECT "users".* FROM "users" WHERE "users"."id" = 1 ORDER BY "users"."id" ASC LIMIT 1 /*action='create',application='RailsGuide',controller='entries'*/[0m
  Rendering layout layouts/application.html.erb
  Rendering entries/new.html.erb within layouts/application
  Rendered entries/new.html.erb within layouts/application (Duration: 1.5ms | GC: 0.4ms)
  Rendered shared/_navbar.html.erb (Duration: 0.1ms | GC: 0.0ms)
  Rendered shared/_flash.html.erb (Duration: 0.0ms | GC: 0.0ms)
  Rendered layout layouts/application.html.erb (Duration: 2.3ms | GC: 0.4ms)
Completed 422 Unprocessable Content in 14ms (Views: 2.6ms | ActiveRecord: 0.6ms (1 query, 0 cached) | GC: 5.0ms)


Started POST "/entries" for 127.0.0.1 at 2026-02-11 11:35:16 -0300
Processing by EntriesController#create as TURBO_STREAM
  Parameters: {"authenticity_token"=>"[FILTERED]", "entry"=>{"name"=>"DSDA", "url"=>"DASDAS", "username"=>"DASda", "password"=>"[FILTERED]"}, "commit"=>"Create new entry"}
  [1m[36mUser Load (26.3ms)[0m  [1m[34mSELECT "users".* FROM "users" WHERE "users"."id" = 1 ORDER BY "users"."id" ASC LIMIT 1 /*action='create',application='RailsGuide',controller='entries'*/[0m
  Rendering layout layouts/application.html.erb
  Rendering entries/new.html.erb within layouts/application
  Rendered entries/new.html.erb within layouts/application (Duration: 5.5ms | GC: 0.1ms)
  Rendered shared/_navbar.html.erb (Duration: 0.7ms | GC: 0.0ms)
  Rendered shared/_flash.html.erb (Duration: 0.4ms | GC: 0.0ms)
  Rendered layout layouts/application.html.erb (Duration: 8.4ms | GC: 0.1ms)
Completed 422 Unprocessable Content in 61ms (Views: 11.2ms | ActiveRecord: 30.0ms (1 query, 0 cached) | GC: 1.0ms)


Started POST "/entries" for 127.0.0.1 at 2026-02-11 11:35:51 -0300
Processing by EntriesController#create as TURBO_STREAM
  Parameters: {"authenticity_token"=>"[FILTERED]", "entry"=>{"name"=>"", "url"=>"", "username"=>"", "password"=>"[FILTERED]"}, "commit"=>"Create new entry"}
  [1m[36mUser Load (0.9ms)[0m  [1m[34mSELECT "users".* FROM "users" WHERE "users"."id" = 1 ORDER BY "users"."id" ASC LIMIT 1 /*action='create',application='RailsGuide',controller='entries'*/[0m
  Rendering layout layouts/application.html.erb
  Rendering entries/new.html.erb within layouts/application
  Rendered entries/new.html.erb within layouts/application (Duration: 3.5ms | GC: 0.4ms)
  Rendered shared/_navbar.html.erb (Duration: 0.2ms | GC: 0.0ms)
  Rendered shared/_flash.html.erb (Duration: 0.0ms | GC: 0.0ms)
  Rendered layout layouts/application.html.erb (Duration: 5.4ms | GC: 0.8ms)
Completed 422 Unprocessable Content in 16ms (Views: 6.1ms | ActiveRecord: 0.9ms (1 query, 0 cached) | GC: 0.8ms)


Started GET "/entries/new" for 127.0.0.1 at 2026-02-11 11:37:48 -0300
Processing by EntriesController#new as HTML
  [1m[36mUser Load (0.3ms)[0m  [1m[34mSELECT "users".* FROM "users" WHERE "users"."id" = 1 ORDER BY "users"."id" ASC LIMIT 1 /*action='new',application='RailsGuide',controller='entries'*/[0m
  Rendering layout layouts/application.html.erb
  Rendering entries/new.html.erb within layouts/application
  Rendered entries/new.html.erb within layouts/application (Duration: 2.8ms | GC: 0.0ms)
  Rendered shared/_navbar.html.erb (Duration: 0.4ms | GC: 0.0ms)
  Rendered shared/_flash.html.erb (Duration: 0.2ms | GC: 0.0ms)
  Rendered layout layouts/application.html.erb (Duration: 4.8ms | GC: 0.0ms)
Completed 200 OK in 27ms (Views: 6.2ms | ActiveRecord: 7.1ms (1 query, 0 cached) | GC: 0.0ms)


Started POST "/entries" for 127.0.0.1 at 2026-02-11 11:37:49 -0300
Processing by EntriesController#create as TURBO_STREAM
  Parameters: {"authenticity_token"=>"[FILTERED]", "entry"=>{"name"=>"DSDA", "url"=>"DASDAS", "username"=>"DASda", "password"=>"[FILTERED]"}, "commit"=>"Create new entry"}
  [1m[36mUser Load (0.5ms)[0m  [1m[34mSELECT "users".* FROM "users" WHERE "users"."id" = 1 ORDER BY "users"."id" ASC LIMIT 1 /*action='create',application='RailsGuide',controller='entries'*/[0m
  Rendering layout layouts/application.html.erb
  Rendering entries/new.html.erb within layouts/application
  Rendered entries/new.html.erb within layouts/application (Duration: 1.3ms | GC: 0.0ms)
  Rendered shared/_navbar.html.erb (Duration: 0.2ms | GC: 0.0ms)
  Rendered shared/_flash.html.erb (Duration: 0.1ms | GC: 0.0ms)
  Rendered layout layouts/application.html.erb (Duration: 2.3ms | GC: 0.0ms)
Completed 422 Unprocessable Content in 9ms (Views: 2.8ms | ActiveRecord: 0.5ms (1 query, 0 cached) | GC: 0.0ms)


Started POST "/entries" for 127.0.0.1 at 2026-02-11 11:37:55 -0300
Processing by EntriesController#create as TURBO_STREAM
  Parameters: {"authenticity_token"=>"[FILTERED]", "entry"=>{"name"=>"", "url"=>"", "username"=>"", "password"=>"[FILTERED]"}, "commit"=>"Create new entry"}
  [1m[36mUser Load (0.6ms)[0m  [1m[34mSELECT "users".* FROM "users" WHERE "users"."id" = 1 ORDER BY "users"."id" ASC LIMIT 1 /*action='create',application='RailsGuide',controller='entries'*/[0m
  Rendering layout layouts/application.html.erb
  Rendering entries/new.html.erb within layouts/application
  Rendered entries/new.html.erb within layouts/application (Duration: 2.5ms | GC: 0.0ms)
  Rendered shared/_navbar.html.erb (Duration: 0.1ms | GC: 0.0ms)
  Rendered shared/_flash.html.erb (Duration: 0.0ms | GC: 0.0ms)
  Rendered layout layouts/application.html.erb (Duration: 3.2ms | GC: 0.0ms)
Completed 422 Unprocessable Content in 10ms (Views: 3.7ms | ActiveRecord: 0.6ms (1 query, 0 cached) | GC: 0.0ms)


Started POST "/entries" for 127.0.0.1 at 2026-02-11 11:41:23 -0300
Processing by EntriesController#create as TURBO_STREAM
  Parameters: {"authenticity_token"=>"[FILTERED]", "entry"=>{"name"=>"", "url"=>"", "username"=>"", "password"=>"[FILTERED]"}, "commit"=>"Create new entry"}
  [1m[36mUser Load (0.6ms)[0m  [1m[34mSELECT "users".* FROM "users" WHERE "users"."id" = 1 ORDER BY "users"."id" ASC LIMIT 1 /*action='create',application='RailsGuide',controller='entries'*/[0m
  Rendering layout layouts/application.html.erb
  Rendering entries/new.html.erb within layouts/application
  Rendered entries/new.html.erb within layouts/application (Duration: 3.5ms | GC: 0.5ms)
  Rendered shared/_navbar.html.erb (Duration: 0.2ms | GC: 0.0ms)
  Rendered shared/_flash.html.erb (Duration: 0.0ms | GC: 0.0ms)
  Rendered layout layouts/application.html.erb (Duration: 4.5ms | GC: 0.5ms)
Completed 422 Unprocessable Content in 24ms (Views: 5.4ms | ActiveRecord: 0.6ms (1 query, 0 cached) | GC: 6.4ms)


Started POST "/entries" for 127.0.0.1 at 2026-02-11 11:58:15 -0300
Processing by EntriesController#create as TURBO_STREAM
  Parameters: {"authenticity_token"=>"[FILTERED]", "entry"=>{"name"=>"", "url"=>"", "username"=>"", "password"=>"[FILTERED]"}, "commit"=>"Create new entry"}
  [1m[36mUser Load (33.6ms)[0m  [1m[34mSELECT "users".* FROM "users" WHERE "users"."id" = 1 ORDER BY "users"."id" ASC LIMIT 1 /*action='create',application='RailsGuide',controller='entries'*/[0m
  Rendering layout layouts/application.html.erb
  Rendering entries/new.html.erb within layouts/application
  Rendered entries/new.html.erb within layouts/application (Duration: 2.2ms | GC: 0.1ms)
  Rendered shared/_navbar.html.erb (Duration: 1.1ms | GC: 0.0ms)
  Rendered shared/_flash.html.erb (Duration: 0.4ms | GC: 0.0ms)
  Rendered layout layouts/application.html.erb (Duration: 5.7ms | GC: 0.3ms)
Completed 422 Unprocessable Content in 56ms (Views: 7.4ms | ActiveRecord: 41.0ms (1 query, 0 cached) | GC: 1.0ms)


Started GET "/entries/new" for 127.0.0.1 at 2026-02-11 14:16:48 -0300
  [1m[36mActiveRecord::SchemaMigration Load (1.9ms)[0m  [1m[34mSELECT "schema_migrations"."version" FROM "schema_migrations" ORDER BY "schema_migrations"."version" ASC /*application='RailsGuide'*/[0m
Processing by EntriesController#new as HTML
  [1m[36mUser Load (0.5ms)[0m  [1m[34mSELECT "users".* FROM "users" WHERE "users"."id" = 1 ORDER BY "users"."id" ASC LIMIT 1 /*action='new',application='RailsGuide',controller='entries'*/[0m
Completed 500 Internal Server Error in 54ms (ActiveRecord: 29.9ms (1 query, 0 cached) | GC: 0.0ms)


  
NoMethodError (undefined method `encypts' for Entry:Class):
  
app/models/entry.rb:8:in `<class:Entry>'
app/models/entry.rb:1:in `<main>'
app/controllers/entries_controller.rb:8:in `new'
Started GET "/entries/new" for 127.0.0.1 at 2026-02-11 14:18:07 -0300
Processing by EntriesController#new as HTML
  [1m[36mUser Load (0.2ms)[0m  [1m[34mSELECT "users".* FROM "users" WHERE "users"."id" = 1 ORDER BY "users"."id" ASC LIMIT 1 /*action='new',application='RailsGuide',controller='entries'*/[0m
  Rendering layout layouts/application.html.erb
  Rendering entries/new.html.erb within layouts/application
  Rendered entries/new.html.erb within layouts/application (Duration: 2.8ms | GC: 0.0ms)
  Rendered shared/_navbar.html.erb (Duration: 0.5ms | GC: 0.0ms)
  Rendered shared/_flash.html.erb (Duration: 0.2ms | GC: 0.0ms)
  Rendered layout layouts/application.html.erb (Duration: 17.9ms | GC: 0.2ms)
Completed 200 OK in 38ms (Views: 19.5ms | ActiveRecord: 3.6ms (1 query, 0 cached) | GC: 0.8ms)


Started GET "/" for 127.0.0.1 at 2026-02-11 14:18:09 -0300
Processing by EntriesController#index as HTML
  [1m[36mUser Load (0.8ms)[0m  [1m[34mSELECT "users".* FROM "users" WHERE "users"."id" = 1 ORDER BY "users"."id" ASC LIMIT 1 /*action='index',application='RailsGuide',controller='entries'*/[0m
  Rendering layout layouts/application.html.erb
  Rendering entries/index.html.erb within layouts/application
  Rendered entries/index.html.erb within layouts/application (Duration: 0.6ms | GC: 0.0ms)
  Rendered shared/_navbar.html.erb (Duration: 0.4ms | GC: 0.0ms)
  Rendered shared/_flash.html.erb (Duration: 0.1ms | GC: 0.0ms)
  Rendered layout layouts/application.html.erb (Duration: 2.6ms | GC: 0.0ms)
Completed 200 OK in 12ms (Views: 3.3ms | ActiveRecord: 0.8ms (1 query, 0 cached) | GC: 0.0ms)


Started GET "/" for 127.0.0.1 at 2026-02-11 14:23:21 -0300
Processing by EntriesController#index as HTML
  [1m[36mUser Load (0.3ms)[0m  [1m[34mSELECT "users".* FROM "users" WHERE "users"."id" = 1 ORDER BY "users"."id" ASC LIMIT 1 /*action='index',application='RailsGuide',controller='entries'*/[0m
  Rendering layout layouts/application.html.erb
  Rendering entries/index.html.erb within layouts/application
  [1m[36mEntry Load (1.0ms)[0m  [1m[34mSELECT "entries".* FROM "entries" WHERE "entries"."user_id" = 1 /*action='index',application='RailsGuide',controller='entries'*/[0m
  ↳ app/views/entries/index.html.erb:7
  Rendered collection of entries/_entry.html.erb [3 times] (Duration: 0.4ms | GC: 0.0ms)
  Rendered entries/index.html.erb within layouts/application (Duration: 9.1ms | GC: 0.3ms)
  Rendered shared/_navbar.html.erb (Duration: 0.9ms | GC: 0.2ms)
  Rendered shared/_flash.html.erb (Duration: 0.3ms | GC: 0.0ms)
  Rendered layout layouts/application.html.erb (Duration: 12.4ms | GC: 0.4ms)
Completed 200 OK in 28ms (Views: 12.1ms | ActiveRecord: 7.6ms (2 queries, 0 cached) | GC: 0.8ms)


Started GET "/" for 127.0.0.1 at 2026-02-12 10:41:57 -0300
Processing by EntriesController#index as HTML
  [1m[36mUser Load (295.5ms)[0m  [1m[34mSELECT "users".* FROM "users" WHERE "users"."id" = 1 ORDER BY "users"."id" ASC LIMIT 1 /*action='index',application='RailsGuide',controller='entries'*/[0m
  Rendering layout layouts/application.html.erb
  Rendering entries/index.html.erb within layouts/application
  [1m[36mEntry Load (0.5ms)[0m  [1m[34mSELECT "entries".* FROM "entries" WHERE "entries"."user_id" = 1 /*action='index',application='RailsGuide',controller='entries'*/[0m
  ↳ app/views/entries/index.html.erb:7
  Rendered collection of entries/_entry.html.erb [3 times] (Duration: 0.8ms | GC: 0.0ms)
  Rendered entries/index.html.erb within layouts/application (Duration: 9.9ms | GC: 1.7ms)
  Rendered shared/_navbar.html.erb (Duration: 0.4ms | GC: 0.0ms)
  Rendered shared/_flash.html.erb (Duration: 0.1ms | GC: 0.0ms)
  Rendered layout layouts/application.html.erb (Duration: 35.0ms | GC: 7.1ms)
Completed 200 OK in 650ms (Views: 43.6ms | ActiveRecord: 310.1ms (2 queries, 0 cached) | GC: 138.1ms)


Started GET "/" for 127.0.0.1 at 2026-02-12 12:56:55 -0300
Processing by EntriesController#index as HTML
  [1m[36mUser Load (152.9ms)[0m  [1m[34mSELECT "users".* FROM "users" WHERE "users"."id" = 1 ORDER BY "users"."id" ASC LIMIT 1 /*action='index',application='RailsGuide',controller='entries'*/[0m
  Rendering layout layouts/application.html.erb
  Rendering entries/index.html.erb within layouts/application
  [1m[36mEntry Load (3.2ms)[0m  [1m[34mSELECT "entries".* FROM "entries" WHERE "entries"."user_id" = 1 /*action='index',application='RailsGuide',controller='entries'*/[0m
  ↳ app/views/entries/index.html.erb:7
  Rendered collection of entries/_entry.html.erb [3 times] (Duration: 3.7ms | GC: 0.0ms)
  Rendered entries/index.html.erb within layouts/application (Duration: 38.2ms | GC: 0.0ms)
  Rendered shared/_navbar.html.erb (Duration: 11.1ms | GC: 2.0ms)
  Rendered shared/_flash.html.erb (Duration: 1.1ms | GC: 0.0ms)
  Rendered layout layouts/application.html.erb (Duration: 70.4ms | GC: 2.0ms)
Completed 200 OK in 375ms (Views: 84.9ms | ActiveRecord: 200.0ms (2 queries, 0 cached) | GC: 6.6ms)


Started GET "/" for 127.0.0.1 at 2026-02-12 13:42:42 -0300
Processing by EntriesController#index as HTML
  [1m[36mUser Load (24.7ms)[0m  [1m[34mSELECT "users".* FROM "users" WHERE "users"."id" = 1 ORDER BY "users"."id" ASC LIMIT 1 /*action='index',application='RailsGuide',controller='entries'*/[0m
  Rendering layout layouts/application.html.erb
  Rendering entries/index.html.erb within layouts/application
  [1m[36mEntry Load (0.3ms)[0m  [1m[34mSELECT "entries".* FROM "entries" WHERE "entries"."user_id" = 1 /*action='index',application='RailsGuide',controller='entries'*/[0m
  ↳ app/views/entries/index.html.erb:7
  Rendered collection of entries/_entry.html.erb [3 times] (Duration: 0.3ms | GC: 0.0ms)
  Rendered entries/index.html.erb within layouts/application (Duration: 3.7ms | GC: 0.0ms)
  Rendered shared/_navbar.html.erb (Duration: 0.2ms | GC: 0.0ms)
  Rendered shared/_flash.html.erb (Duration: 0.0ms | GC: 0.0ms)
  Rendered layout layouts/application.html.erb (Duration: 5.0ms | GC: 0.0ms)
Completed 200 OK in 37ms (Views: 4.7ms | ActiveRecord: 29.2ms (2 queries, 0 cached) | GC: 1.2ms)


Started GET "/" for 127.0.0.1 at 2026-02-12 13:47:58 -0300
Processing by EntriesController#index as HTML
  [1m[36mUser Load (37.6ms)[0m  [1m[34mSELECT "users".* FROM "users" WHERE "users"."id" = 1 ORDER BY "users"."id" ASC LIMIT 1 /*action='index',application='RailsGuide',controller='entries'*/[0m
  Rendering layout layouts/application.html.erb
  Rendering entries/index.html.erb within layouts/application
  [1m[36mEntry Load (0.5ms)[0m  [1m[34mSELECT "entries".* FROM "entries" WHERE "entries"."user_id" = 1 /*action='index',application='RailsGuide',controller='entries'*/[0m
  ↳ app/views/entries/index.html.erb:7
  Rendered collection of entries/_entry.html.erb [3 times] (Duration: 2.3ms | GC: 0.0ms)
  Rendered entries/index.html.erb within layouts/application (Duration: 14.6ms | GC: 0.1ms)
  Rendered shared/_navbar.html.erb (Duration: 1.1ms | GC: 0.0ms)
  Rendered shared/_flash.html.erb (Duration: 0.6ms | GC: 0.0ms)
  Rendered layout layouts/application.html.erb (Duration: 20.4ms | GC: 0.3ms)
Completed 200 OK in 102ms (Views: 24.0ms | ActiveRecord: 41.4ms (2 queries, 0 cached) | GC: 2.2ms)


Started GET "/entries/2" for 127.0.0.1 at 2026-02-12 13:48:06 -0300
Processing by EntriesController#show as HTML
  Parameters: {"id"=>"2"}
  [1m[36mUser Load (0.8ms)[0m  [1m[34mSELECT "users".* FROM "users" WHERE "users"."id" = 1 ORDER BY "users"."id" ASC LIMIT 1 /*action='show',application='RailsGuide',controller='entries'*/[0m
  [1m[36mEntry Load (1.1ms)[0m  [1m[34mSELECT "entries".* FROM "entries" WHERE "entries"."user_id" = 1 AND "entries"."id" = 2 LIMIT 1 /*action='show',application='RailsGuide',controller='entries'*/[0m
  ↳ app/controllers/entries_controller.rb:9:in `show'
  Rendering layout layouts/application.html.erb
  Rendering entries/show.html.erb within layouts/application
  Rendered entries/show.html.erb within layouts/application (Duration: 0.8ms | GC: 0.0ms)
  Rendered shared/_navbar.html.erb (Duration: 0.4ms | GC: 0.0ms)
  Rendered shared/_flash.html.erb (Duration: 0.0ms | GC: 0.0ms)
  Rendered layout layouts/application.html.erb (Duration: 2.2ms | GC: 0.0ms)
Completed 200 OK in 22ms (Views: 2.8ms | ActiveRecord: 1.9ms (2 queries, 0 cached) | GC: 0.2ms)


Started GET "/entries/1" for 127.0.0.1 at 2026-02-12 13:48:08 -0300
Processing by EntriesController#show as HTML
  Parameters: {"id"=>"1"}
  [1m[36mUser Load (0.7ms)[0m  [1m[34mSELECT "users".* FROM "users" WHERE "users"."id" = 1 ORDER BY "users"."id" ASC LIMIT 1 /*action='show',application='RailsGuide',controller='entries'*/[0m
  [1m[36mEntry Load (0.8ms)[0m  [1m[34mSELECT "entries".* FROM "entries" WHERE "entries"."user_id" = 1 AND "entries"."id" = 1 LIMIT 1 /*action='show',application='RailsGuide',controller='entries'*/[0m
  ↳ app/controllers/entries_controller.rb:9:in `show'
  Rendering layout layouts/application.html.erb
  Rendering entries/show.html.erb within layouts/application
  Rendered entries/show.html.erb within layouts/application (Duration: 0.1ms | GC: 0.0ms)
  Rendered shared/_navbar.html.erb (Duration: 2.0ms | GC: 0.6ms)
  Rendered shared/_flash.html.erb (Duration: 0.1ms | GC: 0.0ms)
  Rendered layout layouts/application.html.erb (Duration: 3.4ms | GC: 0.6ms)
Completed 200 OK in 15ms (Views: 4.3ms | ActiveRecord: 1.4ms (2 queries, 0 cached) | GC: 0.6ms)


Started GET "/entries/1" for 127.0.0.1 at 2026-02-12 13:48:13 -0300
Processing by EntriesController#show as HTML
  Parameters: {"id"=>"1"}
  [1m[36mUser Load (0.9ms)[0m  [1m[34mSELECT "users".* FROM "users" WHERE "users"."id" = 1 ORDER BY "users"."id" ASC LIMIT 1 /*action='show',application='RailsGuide',controller='entries'*/[0m
  [1m[36mEntry Load (0.7ms)[0m  [1m[34mSELECT "entries".* FROM "entries" WHERE "entries"."user_id" = 1 AND "entries"."id" = 1 LIMIT 1 /*action='show',application='RailsGuide',controller='entries'*/[0m
  ↳ app/controllers/entries_controller.rb:9:in `show'
  Rendering layout layouts/application.html.erb
  Rendering entries/show.html.erb within layouts/application
  Rendered entries/show.html.erb within layouts/application (Duration: 0.1ms | GC: 0.0ms)
  Rendered shared/_navbar.html.erb (Duration: 0.3ms | GC: 0.0ms)
  Rendered shared/_flash.html.erb (Duration: 0.0ms | GC: 0.0ms)
  Rendered layout layouts/application.html.erb (Duration: 1.4ms | GC: 0.0ms)
Completed 200 OK in 14ms (Views: 1.9ms | ActiveRecord: 1.5ms (2 queries, 0 cached) | GC: 0.9ms)


Started GET "/entries/1" for 127.0.0.1 at 2026-02-12 13:48:16 -0300
Processing by EntriesController#show as HTML
  Parameters: {"id"=>"1"}
  [1m[36mUser Load (0.8ms)[0m  [1m[34mSELECT "users".* FROM "users" WHERE "users"."id" = 1 ORDER BY "users"."id" ASC LIMIT 1 /*action='show',application='RailsGuide',controller='entries'*/[0m
  [1m[36mEntry Load (0.7ms)[0m  [1m[34mSELECT "entries".* FROM "entries" WHERE "entries"."user_id" = 1 AND "entries"."id" = 1 LIMIT 1 /*action='show',application='RailsGuide',controller='entries'*/[0m
  ↳ app/controllers/entries_controller.rb:9:in `show'
  Rendering layout layouts/application.html.erb
  Rendering entries/show.html.erb within layouts/application
  Rendered entries/show.html.erb within layouts/application (Duration: 0.1ms | GC: 0.0ms)
  Rendered shared/_navbar.html.erb (Duration: 0.2ms | GC: 0.0ms)
  Rendered shared/_flash.html.erb (Duration: 0.0ms | GC: 0.0ms)
  Rendered layout layouts/application.html.erb (Duration: 1.0ms | GC: 0.0ms)
Completed 200 OK in 12ms (Views: 1.8ms | ActiveRecord: 1.5ms (2 queries, 0 cached) | GC: 0.4ms)


Started GET "/entries/2" for 127.0.0.1 at 2026-02-12 13:48:19 -0300
Processing by EntriesController#show as HTML
  Parameters: {"id"=>"2"}
  [1m[36mUser Load (0.8ms)[0m  [1m[34mSELECT "users".* FROM "users" WHERE "users"."id" = 1 ORDER BY "users"."id" ASC LIMIT 1 /*action='show',application='RailsGuide',controller='entries'*/[0m
  [1m[36mEntry Load (0.7ms)[0m  [1m[34mSELECT "entries".* FROM "entries" WHERE "entries"."user_id" = 1 AND "entries"."id" = 2 LIMIT 1 /*action='show',application='RailsGuide',controller='entries'*/[0m
  ↳ app/controllers/entries_controller.rb:9:in `show'
  Rendering layout layouts/application.html.erb
  Rendering entries/show.html.erb within layouts/application
  Rendered entries/show.html.erb within layouts/application (Duration: 0.1ms | GC: 0.0ms)
  Rendered shared/_navbar.html.erb (Duration: 0.3ms | GC: 0.0ms)
  Rendered shared/_flash.html.erb (Duration: 0.0ms | GC: 0.0ms)
  Rendered layout layouts/application.html.erb (Duration: 1.1ms | GC: 0.0ms)
Completed 200 OK in 10ms (Views: 1.6ms | ActiveRecord: 1.4ms (2 queries, 0 cached) | GC: 0.4ms)


Started GET "/entries/2" for 127.0.0.1 at 2026-02-12 13:49:05 -0300
Processing by EntriesController#show as HTML
  Parameters: {"id"=>"2"}
  [1m[36mUser Load (0.4ms)[0m  [1m[34mSELECT "users".* FROM "users" WHERE "users"."id" = 1 ORDER BY "users"."id" ASC LIMIT 1 /*action='show',application='RailsGuide',controller='entries'*/[0m
  [1m[36mEntry Load (0.3ms)[0m  [1m[34mSELECT "entries".* FROM "entries" WHERE "entries"."user_id" = 1 AND "entries"."id" = 2 LIMIT 1 /*action='show',application='RailsGuide',controller='entries'*/[0m
  ↳ app/controllers/entries_controller.rb:9:in `show'
  Rendering layout layouts/application.html.erb
  Rendering entries/show.html.erb within layouts/application
  Rendered entries/show.html.erb within layouts/application (Duration: 0.6ms | GC: 0.0ms)
  Rendered shared/_navbar.html.erb (Duration: 1.1ms | GC: 0.3ms)
  Rendered shared/_flash.html.erb (Duration: 0.3ms | GC: 0.0ms)
  Rendered layout layouts/application.html.erb (Duration: 3.9ms | GC: 0.3ms)
Completed 200 OK in 49ms (Views: 5.1ms | ActiveRecord: 12.2ms (2 queries, 0 cached) | GC: 5.2ms)


Started GET "/" for 127.0.0.1 at 2026-02-12 13:51:07 -0300
Processing by EntriesController#index as HTML
  [1m[36mUser Load (0.5ms)[0m  [1m[34mSELECT "users".* FROM "users" WHERE "users"."id" = 1 ORDER BY "users"."id" ASC LIMIT 1 /*action='index',application='RailsGuide',controller='entries'*/[0m
  Rendering layout layouts/application.html.erb
  Rendering entries/index.html.erb within layouts/application
  [1m[36mEntry Load (1.2ms)[0m  [1m[34mSELECT "entries".* FROM "entries" WHERE "entries"."user_id" = 1 /*action='index',application='RailsGuide',controller='entries'*/[0m
  ↳ app/views/entries/index.html.erb:7
  Rendered collection of entries/_entry.html.erb [3 times] (Duration: 1.5ms | GC: 0.5ms)
  Rendered entries/index.html.erb within layouts/application (Duration: 7.9ms | GC: 0.5ms)
  Rendered shared/_navbar.html.erb (Duration: 0.3ms | GC: 0.0ms)
  Rendered shared/_flash.html.erb (Duration: 0.1ms | GC: 0.0ms)
  Rendered layout layouts/application.html.erb (Duration: 9.6ms | GC: 0.5ms)
Completed 200 OK in 16ms (Views: 9.6ms | ActiveRecord: 1.6ms (2 queries, 0 cached) | GC: 0.5ms)


Started GET "/entries/1" for 127.0.0.1 at 2026-02-12 13:51:08 -0300
Processing by EntriesController#show as HTML
  Parameters: {"id"=>"1"}
  [1m[36mUser Load (0.7ms)[0m  [1m[34mSELECT "users".* FROM "users" WHERE "users"."id" = 1 ORDER BY "users"."id" ASC LIMIT 1 /*action='show',application='RailsGuide',controller='entries'*/[0m
  [1m[36mEntry Load (0.3ms)[0m  [1m[34mSELECT "entries".* FROM "entries" WHERE "entries"."user_id" = 1 AND "entries"."id" = 1 LIMIT 1 /*action='show',application='RailsGuide',controller='entries'*/[0m
  ↳ app/controllers/entries_controller.rb:9:in `show'
  Rendering layout layouts/application.html.erb
  Rendering entries/show.html.erb within layouts/application
  Rendered entries/show.html.erb within layouts/application (Duration: 0.1ms | GC: 0.0ms)
  Rendered shared/_navbar.html.erb (Duration: 0.2ms | GC: 0.0ms)
  Rendered shared/_flash.html.erb (Duration: 0.0ms | GC: 0.0ms)
  Rendered layout layouts/application.html.erb (Duration: 0.8ms | GC: 0.0ms)
Completed 200 OK in 8ms (Views: 1.1ms | ActiveRecord: 1.0ms (2 queries, 0 cached) | GC: 0.3ms)


Started GET "/entries/2" for 127.0.0.1 at 2026-02-12 13:51:09 -0300
Processing by EntriesController#show as HTML
  Parameters: {"id"=>"2"}
  [1m[36mUser Load (0.7ms)[0m  [1m[34mSELECT "users".* FROM "users" WHERE "users"."id" = 1 ORDER BY "users"."id" ASC LIMIT 1 /*action='show',application='RailsGuide',controller='entries'*/[0m
  [1m[36mEntry Load (0.5ms)[0m  [1m[34mSELECT "entries".* FROM "entries" WHERE "entries"."user_id" = 1 AND "entries"."id" = 2 LIMIT 1 /*action='show',application='RailsGuide',controller='entries'*/[0m
  ↳ app/controllers/entries_controller.rb:9:in `show'
  Rendering layout layouts/application.html.erb
  Rendering entries/show.html.erb within layouts/application
  Rendered entries/show.html.erb within layouts/application (Duration: 0.2ms | GC: 0.0ms)
  Rendered shared/_navbar.html.erb (Duration: 1.8ms | GC: 0.8ms)
  Rendered shared/_flash.html.erb (Duration: 0.1ms | GC: 0.0ms)
  Rendered layout layouts/application.html.erb (Duration: 4.0ms | GC: 0.8ms)
Completed 200 OK in 15ms (Views: 4.9ms | ActiveRecord: 1.1ms (2 queries, 0 cached) | GC: 0.8ms)


Started GET "/entries/2" for 127.0.0.1 at 2026-02-12 13:51:10 -0300
Processing by EntriesController#show as HTML
  Parameters: {"id"=>"2"}
  [1m[36mUser Load (0.6ms)[0m  [1m[34mSELECT "users".* FROM "users" WHERE "users"."id" = 1 ORDER BY "users"."id" ASC LIMIT 1 /*action='show',application='RailsGuide',controller='entries'*/[0m
  [1m[36mEntry Load (0.7ms)[0m  [1m[34mSELECT "entries".* FROM "entries" WHERE "entries"."user_id" = 1 AND "entries"."id" = 2 LIMIT 1 /*action='show',application='RailsGuide',controller='entries'*/[0m
  ↳ app/controllers/entries_controller.rb:9:in `show'
  Rendering layout layouts/application.html.erb
  Rendering entries/show.html.erb within layouts/application
  Rendered entries/show.html.erb within layouts/application (Duration: 0.1ms | GC: 0.0ms)
  Rendered shared/_navbar.html.erb (Duration: 0.4ms | GC: 0.0ms)
  Rendered shared/_flash.html.erb (Duration: 0.1ms | GC: 0.0ms)
  Rendered layout layouts/application.html.erb (Duration: 2.0ms | GC: 0.0ms)
Completed 200 OK in 12ms (Views: 2.7ms | ActiveRecord: 1.3ms (2 queries, 0 cached) | GC: 0.7ms)


  [1m[36mEntry Delete All (3.4ms)[0m  [1m[31mDELETE FROM "entries" /*application='RailsGuide'*/[0m
Started GET "/" for 127.0.0.1 at 2026-02-12 13:51:39 -0300
Processing by EntriesController#index as HTML
  [1m[36mUser Load (0.3ms)[0m  [1m[34mSELECT "users".* FROM "users" WHERE "users"."id" = 1 ORDER BY "users"."id" ASC LIMIT 1 /*action='index',application='RailsGuide',controller='entries'*/[0m
  Rendering layout layouts/application.html.erb
  Rendering entries/index.html.erb within layouts/application
  [1m[36mEntry Load (0.2ms)[0m  [1m[34mSELECT "entries".* FROM "entries" WHERE "entries"."user_id" = 1 /*action='index',application='RailsGuide',controller='entries'*/[0m
  ↳ app/views/entries/index.html.erb:7
  Rendered collection of templates [0 times] (Duration: 0.7ms | GC: 0.0ms)
  Rendered entries/index.html.erb within layouts/application (Duration: 1.7ms | GC: 0.0ms)
  Rendered shared/_navbar.html.erb (Duration: 0.1ms | GC: 0.0ms)
  Rendered shared/_flash.html.erb (Duration: 0.0ms | GC: 0.0ms)
  Rendered layout layouts/application.html.erb (Duration: 2.3ms | GC: 0.0ms)
Completed 200 OK in 5ms (Views: 2.4ms | ActiveRecord: 0.5ms (2 queries, 0 cached) | GC: 0.2ms)


Started GET "/" for 127.0.0.1 at 2026-02-12 13:54:08 -0300
Processing by EntriesController#index as HTML
  [1m[36mUser Load (0.4ms)[0m  [1m[34mSELECT "users".* FROM "users" WHERE "users"."id" = 1 ORDER BY "users"."id" ASC LIMIT 1 /*action='index',application='RailsGuide',controller='entries'*/[0m
  Rendering layout layouts/application.html.erb
  Rendering entries/index.html.erb within layouts/application
  [1m[36mEntry Exists? (0.9ms)[0m  [1m[34mSELECT 1 AS one FROM "entries" WHERE "entries"."user_id" = 1 LIMIT 1 /*action='index',application='RailsGuide',controller='entries'*/[0m
  ↳ app/views/entries/index.html.erb:7
  Rendered entries/index.html.erb within layouts/application (Duration: 4.8ms | GC: 0.0ms)
  Rendered shared/_navbar.html.erb (Duration: 0.5ms | GC: 0.0ms)
  Rendered shared/_flash.html.erb (Duration: 0.2ms | GC: 0.0ms)
  Rendered layout layouts/application.html.erb (Duration: 7.1ms | GC: 0.0ms)
Completed 200 OK in 26ms (Views: 6.3ms | ActiveRecord: 6.2ms (2 queries, 0 cached) | GC: 0.0ms)


Started GET "/entries/new" for 127.0.0.1 at 2026-02-12 13:54:12 -0300
Processing by EntriesController#new as HTML
  [1m[36mUser Load (0.9ms)[0m  [1m[34mSELECT "users".* FROM "users" WHERE "users"."id" = 1 ORDER BY "users"."id" ASC LIMIT 1 /*action='new',application='RailsGuide',controller='entries'*/[0m
  Rendering layout layouts/application.html.erb
  Rendering entries/new.html.erb within layouts/application
  Rendered entries/new.html.erb within layouts/application (Duration: 11.6ms | GC: 0.0ms)
  Rendered shared/_navbar.html.erb (Duration: 0.3ms | GC: 0.0ms)
  Rendered shared/_flash.html.erb (Duration: 0.0ms | GC: 0.0ms)
  Rendered layout layouts/application.html.erb (Duration: 13.1ms | GC: 0.0ms)
Completed 200 OK in 22ms (Views: 13.5ms | ActiveRecord: 0.9ms (1 query, 0 cached) | GC: 0.0ms)


